Entity,Code,Year,emissions_total_per_capita
Afghanistan,AFG,2010,0.2957424
Afghanistan,AFG,2011,0.38877392
Afghanistan,AFG,2012,0.31842902
Afghanistan,AFG,2013,0.28117284
Afghanistan,AFG,2014,0.26523322
Afghanistan,AFG,2015,0.27738428
Afghanistan,AFG,2016,0.24800518
Afghanistan,AFG,2017,0.26089466
Afghanistan,AFG,2018,0.27737236
Afghanistan,AFG,2019,0.27472728
Afghanistan,AFG,2020,0.28458965
Afghanistan,AFG,2021,0.2467185
Afghanistan,AFG,2022,0.25062045
Afghanistan,AFG,2023,0.2536818
Africa,,2010,1.1359096
Africa,,2011,1.1513131
Africa,,2012,1.1207952
Africa,,2013,1.1065615
Africa,,2014,1.1458046
Africa,,2015,1.0964046
Africa,,2016,1.0941445
Africa,,2017,1.0749665
Africa,,2018,1.0589373
Africa,,2019,1.0815163
Africa,,2020,0.99283797
Africa,,2021,1.0448412
Africa,,2022,1.0096707
Africa,,2023,1.0019028
Albania,ALB,2010,1.6446854
Albania,ALB,2011,1.7775874
Albania,ALB,2012,1.6941584
Albania,ALB,2013,1.8386787
Albania,ALB,2014,2.091259
Albania,ALB,2015,1.625643
Albania,ALB,2016,1.5718573
Albania,ALB,2017,1.8438027
Albania,ALB,2018,1.7949029
Albania,ALB,2019,1.7124815
Albania,ALB,2020,1.6939825
Albania,ALB,2021,1.802687
Albania,ALB,2022,1.5908402
Albania,ALB,2023,1.5710765
Algeria,DZA,2010,3.25651
Algeria,DZA,2011,3.3795078
Algeria,DZA,2012,3.6017866
Algeria,DZA,2013,3.6844282
Algeria,DZA,2014,3.8881397
Algeria,DZA,2015,4.0060844
Algeria,DZA,2016,3.8752885
Algeria,DZA,2017,3.9638858
Algeria,DZA,2018,4.104483
Algeria,DZA,2019,4.2135787
Algeria,DZA,2020,3.8857946
Algeria,DZA,2021,4.0668306
Algeria,DZA,2022,4.238998
Algeria,DZA,2023,4.394023
Andorra,AND,2010,6.399643
Andorra,AND,2011,6.310664
Andorra,AND,2012,6.34042
Andorra,AND,2013,6.3323584
Andorra,AND,2014,6.2594266
Andorra,AND,2015,6.4454327
Andorra,AND,2016,6.546754
Andorra,AND,2017,6.406289
Andorra,AND,2018,6.6280575
Andorra,AND,2019,6.4186583
Andorra,AND,2020,4.876055
Andorra,AND,2021,5.2824354
Andorra,AND,2022,5.311056
Andorra,AND,2023,5.1700654
Angola,AGO,2010,0.9866278
Angola,AGO,2011,0.9660866
Angola,AGO,2012,1.0303273
Angola,AGO,2013,0.9825774
Angola,AGO,2014,0.9606558
Angola,AGO,2015,0.9768244
Angola,AGO,2016,0.87261665
Angola,AGO,2017,0.7805891
Angola,AGO,2018,0.7437751
Angola,AGO,2019,0.6860121
Angola,AGO,2020,0.49473175
Angola,AGO,2021,0.5565367
Angola,AGO,2022,0.59180546
Angola,AGO,2023,0.5897924
Anguilla,AIA,2010,9.590189
Anguilla,AIA,2011,9.164717
Anguilla,AIA,2012,9.022611
Anguilla,AIA,2013,8.558167
Anguilla,AIA,2014,8.794879
Anguilla,AIA,2015,9.523569
Anguilla,AIA,2016,9.706637
Anguilla,AIA,2017,8.874741
Anguilla,AIA,2018,8.944464
Anguilla,AIA,2019,9.625867
Anguilla,AIA,2020,9.12056
Anguilla,AIA,2021,9.600221
Anguilla,AIA,2022,10.061682
Anguilla,AIA,2023,9.8792515
Antigua and Barbuda,ATG,2010,6.440348
Antigua and Barbuda,ATG,2011,6.3223624
Antigua and Barbuda,ATG,2012,6.3813004
Antigua and Barbuda,ATG,2013,6.32341
Antigua and Barbuda,ATG,2014,6.396648
Antigua and Barbuda,ATG,2015,6.474005
Antigua and Barbuda,ATG,2016,6.596666
Antigua and Barbuda,ATG,2017,6.640982
Antigua and Barbuda,ATG,2018,6.768622
Antigua and Barbuda,ATG,2019,6.9769855
Antigua and Barbuda,ATG,2020,6.700688
Antigua and Barbuda,ATG,2021,6.8632064
Antigua and Barbuda,ATG,2022,6.9125686
Antigua and Barbuda,ATG,2023,6.863025
Argentina,ARG,2010,4.507803
Argentina,ARG,2011,4.550224
Argentina,ARG,2012,4.5471244
Argentina,ARG,2013,4.4507732
Argentina,ARG,2014,4.3821793
Argentina,ARG,2015,4.4117293
Argentina,ARG,2016,4.3284545
Argentina,ARG,2017,4.223813
Argentina,ARG,2018,4.0865293
Argentina,ARG,2019,4.011869
Argentina,ARG,2020,3.6425223
Argentina,ARG,2021,4.1974697
Argentina,ARG,2022,4.047052
Argentina,ARG,2023,3.9177263
Armenia,ARM,2010,1.4521643
Armenia,ARM,2011,1.6997676
Armenia,ARM,2012,1.9668759
Armenia,ARM,2013,1.8939531
Armenia,ARM,2014,1.917619
Armenia,ARM,2015,1.8722591
Armenia,ARM,2016,1.7838441
Armenia,ARM,2017,1.8993666
Armenia,ARM,2018,2.000749
Armenia,ARM,2019,2.1639683
Armenia,ARM,2020,2.3505504
Armenia,ARM,2021,2.5609183
Armenia,ARM,2022,2.6723685
Armenia,ARM,2023,2.524371
Aruba,ABW,2010,25.029972
Aruba,ABW,2011,24.706015
Aruba,ABW,2012,13.21249
Aruba,ABW,2013,8.394657
Aruba,ABW,2014,8.435128
Aruba,ABW,2015,8.614971
Aruba,ABW,2016,8.410633
Aruba,ABW,2017,8.42044
Aruba,ABW,2018,8.15775
Aruba,ABW,2019,7.766699
Aruba,ABW,2020,7.6410794
Aruba,ABW,2021,8.004834
Aruba,ABW,2022,8.241623
Aruba,ABW,2023,8.213218
Asia,,2010,3.9013112
Asia,,2011,4.1435094
Asia,,2012,4.250022
Asia,,2013,4.2585483
Asia,,2014,4.2746906
Asia,,2015,4.2548037
Asia,,2016,4.2415833
Asia,,2017,4.3261576
Asia,,2018,4.41561
Asia,,2019,4.4992776
Asia,,2020,4.4149313
Asia,,2021,4.5623293
Asia,,2022,4.685265
Asia,,2023,4.8144717
Asia (excl. China and India),,2010,3.8012245
Asia (excl. China and India),,2011,3.8892972
Asia (excl. China and India),,2012,3.9900553
Asia (excl. China and India),,2013,3.9393365
Asia (excl. China and India),,2014,3.93967
Asia (excl. China and India),,2015,3.9708917
Asia (excl. China and India),,2016,3.9915485
Asia (excl. China and India),,2017,4.085178
Asia (excl. China and India),,2018,4.0822535
Asia (excl. China and India),,2019,4.134728
Asia (excl. China and India),,2020,3.9678957
Asia (excl. China and India),,2021,4.0292544
Asia (excl. China and India),,2022,4.059062
Asia (excl. China and India),,2023,4.051308
Australia,AUS,2010,18.292547
Australia,AUS,2011,17.96612
Australia,AUS,2012,17.72246
Australia,AUS,2013,17.121933
Australia,AUS,2014,16.639103
Australia,AUS,2015,16.72746
Australia,AUS,2016,16.837934
Australia,AUS,2017,16.71615
Australia,AUS,2018,16.512163
Australia,AUS,2019,16.28262
Australia,AUS,2020,15.481285
Australia,AUS,2021,14.96633
Australia,AUS,2022,14.65893
Australia,AUS,2023,14.529289
Austria,AUT,2010,8.607232
Austria,AUT,2011,8.327111
Austria,AUT,2012,7.977175
Austria,AUT,2013,7.989103
Austria,AUT,2014,7.5058665
Austria,AUT,2015,7.6767116
Austria,AUT,2016,7.692762
Austria,AUT,2017,7.9103565
Austria,AUT,2018,7.5287404
Austria,AUT,2019,7.651411
Austria,AUT,2020,6.969737
Austria,AUT,2021,7.3325477
Austria,AUT,2022,6.779517
Austria,AUT,2023,6.2328863
Azerbaijan,AZE,2010,3.0118616
Azerbaijan,AZE,2011,3.2637987
Azerbaijan,AZE,2012,3.4950342
Azerbaijan,AZE,2013,3.5308728
Azerbaijan,AZE,2014,3.5660133
Azerbaijan,AZE,2015,3.5562217
Azerbaijan,AZE,2016,3.5189948
Azerbaijan,AZE,2017,3.480789
Azerbaijan,AZE,2018,3.4439225
Azerbaijan,AZE,2019,3.734001
Azerbaijan,AZE,2020,3.559036
Azerbaijan,AZE,2021,3.7422564
Azerbaijan,AZE,2022,3.999354
Azerbaijan,AZE,2023,4.142986
Bahamas,BHS,2010,6.0720687
Bahamas,BHS,2011,5.677289
Bahamas,BHS,2012,5.454908
Bahamas,BHS,2013,5.259742
Bahamas,BHS,2014,5.395677
Bahamas,BHS,2015,5.7904425
Bahamas,BHS,2016,5.787847
Bahamas,BHS,2017,6.455462
Bahamas,BHS,2018,6.2509995
Bahamas,BHS,2019,6.386963
Bahamas,BHS,2020,5.1830635
Bahamas,BHS,2021,6.877262
Bahamas,BHS,2022,7.4507422
Bahamas,BHS,2023,7.4004436
Bahrain,BHR,2010,24.02024
Bahrain,BHR,2011,23.654049
Bahrain,BHR,2012,22.364824
Bahrain,BHR,2013,24.839422
Bahrain,BHR,2014,23.590342
Bahrain,BHR,2015,23.743637
Bahrain,BHR,2016,22.128733
Bahrain,BHR,2017,22.210873
Bahrain,BHR,2018,21.83343
Bahrain,BHR,2019,25.319227
Bahrain,BHR,2020,25.23751
Bahrain,BHR,2021,24.148386
Bahrain,BHR,2022,24.66764
Bahrain,BHR,2023,24.71003
Bangladesh,BGD,2010,0.3550251
Bangladesh,BGD,2011,0.36195275
Bangladesh,BGD,2012,0.38501203
Bangladesh,BGD,2013,0.41373482
Bangladesh,BGD,2014,0.4276385
Bangladesh,BGD,2015,0.48277447
Bangladesh,BGD,2016,0.5084272
Bangladesh,BGD,2017,0.53352815
Bangladesh,BGD,2018,0.52963835
Bangladesh,BGD,2019,0.57489496
Bangladesh,BGD,2020,0.5756478
Bangladesh,BGD,2021,0.58768314
Bangladesh,BGD,2022,0.6030491
Bangladesh,BGD,2023,0.60960233
Barbados,BRB,2010,5.6915326
Barbados,BRB,2011,5.8889804
Barbados,BRB,2012,5.6119213
Barbados,BRB,2013,5.545567
Barbados,BRB,2014,4.9132366
Barbados,BRB,2015,4.783702
Barbados,BRB,2016,4.9049907
Barbados,BRB,2017,4.994143
Barbados,BRB,2018,5.154179
Barbados,BRB,2019,4.949633
Barbados,BRB,2020,4.456891
Barbados,BRB,2021,4.2179356
Barbados,BRB,2022,4.6577086
Barbados,BRB,2023,4.6635275
Belarus,BLR,2010,6.586985
Belarus,BLR,2011,6.476822
Belarus,BLR,2012,6.6143084
Belarus,BLR,2013,6.7781887
Belarus,BLR,2014,6.7245016
Belarus,BLR,2015,6.2006974
Belarus,BLR,2016,6.125662
Belarus,BLR,2017,6.2600746
Belarus,BLR,2018,6.558066
Belarus,BLR,2019,6.5890727
Belarus,BLR,2020,6.322667
Belarus,BLR,2021,6.5786033
Belarus,BLR,2022,6.226867
Belarus,BLR,2023,6.1143074
Belgium,BEL,2010,10.475143
Belgium,BEL,2011,9.526456
Belgium,BEL,2012,9.226742
Belgium,BEL,2013,9.212671
Belgium,BEL,2014,8.660123
Belgium,BEL,2015,8.986653
Belgium,BEL,2016,8.807806
Belgium,BEL,2017,8.726891
Belgium,BEL,2018,8.772404
Belgium,BEL,2019,8.685232
Belgium,BEL,2020,7.9076037
Belgium,BEL,2021,8.204076
Belgium,BEL,2022,7.6375527
Belgium,BEL,2023,7.2316356
Belize,BLZ,2010,1.6818045
Belize,BLZ,2011,1.7463291
Belize,BLZ,2012,1.4133562
Belize,BLZ,2013,1.3835117
Belize,BLZ,2014,1.4385759
Belize,BLZ,2015,1.9227874
Belize,BLZ,2016,1.8484907
Belize,BLZ,2017,1.7867663
Belize,BLZ,2018,1.7345725
Belize,BLZ,2019,1.9942306
Belize,BLZ,2020,1.6724775
Belize,BLZ,2021,1.7544485
Belize,BLZ,2022,1.7970879
Belize,BLZ,2023,1.8643363
Benin,BEN,2010,0.4776112
Benin,BEN,2011,0.44381663
Benin,BEN,2012,0.42341638
Benin,BEN,2013,0.42637473
Benin,BEN,2014,0.4328207
Benin,BEN,2015,0.46812668
Benin,BEN,2016,0.4539761
Benin,BEN,2017,0.46138746
Benin,BEN,2018,0.45774767
Benin,BEN,2019,0.41429225
Benin,BEN,2020,0.42393637
Benin,BEN,2021,0.43283412
Benin,BEN,2022,0.44276863
Benin,BEN,2023,0.4200842
Bermuda,BMU,2010,9.483592
Bermuda,BMU,2011,6.954088
Bermuda,BMU,2012,5.7551246
Bermuda,BMU,2013,8.411995
Bermuda,BMU,2014,10.493115
Bermuda,BMU,2015,8.542138
Bermuda,BMU,2016,9.698925
Bermuda,BMU,2017,10.081285
Bermuda,BMU,2018,10.902713
Bermuda,BMU,2019,9.255699
Bermuda,BMU,2020,6.7700143
Bermuda,BMU,2021,7.9883714
Bermuda,BMU,2022,8.193772
Bermuda,BMU,2023,8.183635
Bhutan,BTN,2010,1.2905003
Bhutan,BTN,2011,1.4192859
Bhutan,BTN,2012,1.6032863
Bhutan,BTN,2013,1.7496243
Bhutan,BTN,2014,1.8172723
Bhutan,BTN,2015,1.9360701
Bhutan,BTN,2016,2.0862627
Bhutan,BTN,2017,2.1863887
Bhutan,BTN,2018,2.213729
Bhutan,BTN,2019,2.0460508
Bhutan,BTN,2020,1.5761578
Bhutan,BTN,2021,1.8759198
Bhutan,BTN,2022,1.9843147
Bhutan,BTN,2023,2.0723257
Bolivia,BOL,2010,1.4543422
Bolivia,BOL,2011,1.5510005
Bolivia,BOL,2012,1.6712606
Bolivia,BOL,2013,1.6641724
Bolivia,BOL,2014,1.8343189
Bolivia,BOL,2015,1.8066506
Bolivia,BOL,2016,1.9006767
Bolivia,BOL,2017,1.9552563
Bolivia,BOL,2018,1.9558697
Bolivia,BOL,2019,1.9371525
Bolivia,BOL,2020,1.5504168
Bolivia,BOL,2021,1.8234005
Bolivia,BOL,2022,1.9448458
Bolivia,BOL,2023,2.0107968
Bonaire Sint Eustatius and Saba,BES,2010,3.6546178
Bonaire Sint Eustatius and Saba,BES,2011,4.4324713
Bonaire Sint Eustatius and Saba,BES,2012,5.1318774
Bonaire Sint Eustatius and Saba,BES,2013,4.765429
Bonaire Sint Eustatius and Saba,BES,2014,4.787391
Bonaire Sint Eustatius and Saba,BES,2015,5.2049685
Bonaire Sint Eustatius and Saba,BES,2016,5.369154
Bonaire Sint Eustatius and Saba,BES,2017,5.6094437
Bonaire Sint Eustatius and Saba,BES,2018,5.2376113
Bonaire Sint Eustatius and Saba,BES,2019,5.427725
Bonaire Sint Eustatius and Saba,BES,2020,4.9820213
Bonaire Sint Eustatius and Saba,BES,2021,5.091308
Bonaire Sint Eustatius and Saba,BES,2022,5.114818
Bonaire Sint Eustatius and Saba,BES,2023,4.8885026
Bosnia and Herzegovina,BIH,2010,5.5478983
Bosnia and Herzegovina,BIH,2011,6.3511963
Bosnia and Herzegovina,BIH,2012,6.0319147
Bosnia and Herzegovina,BIH,2013,6.0376544
Bosnia and Herzegovina,BIH,2014,5.4173074
Bosnia and Herzegovina,BIH,2015,5.2466326
Bosnia and Herzegovina,BIH,2016,6.258016
Bosnia and Herzegovina,BIH,2017,6.4609365
Bosnia and Herzegovina,BIH,2018,6.5186605
Bosnia and Herzegovina,BIH,2019,6.2203493
Bosnia and Herzegovina,BIH,2020,6.31391
Bosnia and Herzegovina,BIH,2021,6.554153
Bosnia and Herzegovina,BIH,2022,6.4724236
Bosnia and Herzegovina,BIH,2023,6.242028
Botswana,BWA,2010,2.2316918
Botswana,BWA,2011,1.9429603
Botswana,BWA,2012,2.4076023
Botswana,BWA,2013,2.6454382
Botswana,BWA,2014,3.1537738
Botswana,BWA,2015,2.4588568
Botswana,BWA,2016,2.837354
Botswana,BWA,2017,3.1173916
Botswana,BWA,2018,3.324487
Botswana,BWA,2019,3.209815
Botswana,BWA,2020,2.617259
Botswana,BWA,2021,2.782961
Botswana,BWA,2022,3.0311775
Botswana,BWA,2023,2.9225686
Brazil,BRA,2010,2.2729204
Brazil,BRA,2011,2.3653224
Brazil,BRA,2012,2.5268083
Brazil,BRA,2013,2.6782215
Brazil,BRA,2014,2.7814436
Brazil,BRA,2015,2.6189272
Brazil,BRA,2016,2.4197884
Brazil,BRA,2017,2.429146
Brazil,BRA,2018,2.3123908
Brazil,BRA,2019,2.2979572
Brazil,BRA,2020,2.1470218
Brazil,BRA,2021,2.3696554
Brazil,BRA,2022,2.2826612
Brazil,BRA,2023,2.2922719
British Virgin Islands,VGB,2010,7.672467
British Virgin Islands,VGB,2011,7.268576
British Virgin Islands,VGB,2012,6.8770127
British Virgin Islands,VGB,2013,6.6981435
British Virgin Islands,VGB,2014,6.5531707
British Virgin Islands,VGB,2015,6.4740605
British Virgin Islands,VGB,2016,6.7003303
British Virgin Islands,VGB,2017,5.486371
British Virgin Islands,VGB,2018,4.54276
British Virgin Islands,VGB,2019,5.029789
British Virgin Islands,VGB,2020,4.8313017
British Virgin Islands,VGB,2021,4.8423333
British Virgin Islands,VGB,2022,4.8443384
British Virgin Islands,VGB,2023,4.7523646
Brunei,BRN,2010,20.43478
Brunei,BRN,2011,23.924784
Brunei,BRN,2012,23.423746
Brunei,BRN,2013,18.545628
Brunei,BRN,2014,21.189787
Brunei,BRN,2015,16.42092
Brunei,BRN,2016,17.851791
Brunei,BRN,2017,21.510313
Brunei,BRN,2018,21.335896
Brunei,BRN,2019,21.60471
Brunei,BRN,2020,24.937006
Brunei,BRN,2021,25.920458
Brunei,BRN,2022,26.8725
Brunei,BRN,2023,27.241413
Bulgaria,BGR,2010,6.4289203
Bulgaria,BGR,2011,7.1978717
Bulgaria,BGR,2012,6.5978446
Bulgaria,BGR,2013,5.861707
Bulgaria,BGR,2014,6.253115
Bulgaria,BGR,2015,6.7052627
Bulgaria,BGR,2016,6.3618603
Bulgaria,BGR,2017,6.705518
Bulgaria,BGR,2018,6.192869
Bulgaria,BGR,2019,6.0490556
Bulgaria,BGR,2020,5.274422
Bulgaria,BGR,2021,6.1601954
Bulgaria,BGR,2022,6.8755846
Bulgaria,BGR,2023,5.076801
Burkina Faso,BFA,2010,0.12271354
Burkina Faso,BFA,2011,0.12899202
Burkina Faso,BFA,2012,0.15208146
Burkina Faso,BFA,2013,0.15873493
Burkina Faso,BFA,2014,0.15730137
Burkina Faso,BFA,2015,0.19937555
Burkina Faso,BFA,2016,0.20624086
Burkina Faso,BFA,2017,0.23230799
Burkina Faso,BFA,2018,0.25570858
Burkina Faso,BFA,2019,0.2680103
Burkina Faso,BFA,2020,0.26156566
Burkina Faso,BFA,2021,0.28773117
Burkina Faso,BFA,2022,0.29064742
Burkina Faso,BFA,2023,0.273973
Burundi,BDI,2010,0.035559736
Burundi,BDI,2011,0.042604737
Burundi,BDI,2012,0.03892828
Burundi,BDI,2013,0.041766603
Burundi,BDI,2014,0.03288268
Burundi,BDI,2015,0.03217066
Burundi,BDI,2016,0.038141336
Burundi,BDI,2017,0.04488647
Burundi,BDI,2018,0.054395214
Burundi,BDI,2019,0.055907715
Burundi,BDI,2020,0.05860566
Burundi,BDI,2021,0.05951778
Burundi,BDI,2022,0.06587466
Burundi,BDI,2023,0.06579634
Cambodia,KHM,2010,0.34945744
Cambodia,KHM,2011,0.3580236
Cambodia,KHM,2012,0.37285504
Cambodia,KHM,2013,0.37084115
Cambodia,KHM,2014,0.43530843
Cambodia,KHM,2015,0.5239673
Cambodia,KHM,2016,0.67139864
Cambodia,KHM,2017,0.75199807
Cambodia,KHM,2018,0.8564005
Cambodia,KHM,2019,1.1301459
Cambodia,KHM,2020,1.2550187
Cambodia,KHM,2021,1.223931
Cambodia,KHM,2022,1.2129679
Cambodia,KHM,2023,1.2288593
Cameroon,CMR,2010,0.42624035
Cameroon,CMR,2011,0.40061057
Cameroon,CMR,2012,0.3655555
Cameroon,CMR,2013,0.36693028
Cameroon,CMR,2014,0.39778858
Cameroon,CMR,2015,0.43270966
Cameroon,CMR,2016,0.424868
Cameroon,CMR,2017,0.39711067
Cameroon,CMR,2018,0.3968279
Cameroon,CMR,2019,0.37658802
Cameroon,CMR,2020,0.3707004
Cameroon,CMR,2021,0.36162904
Cameroon,CMR,2022,0.3543776
Cameroon,CMR,2023,0.34169704
Canada,CAN,2010,16.20929
Canada,CAN,2011,16.287806
Canada,CAN,2012,16.086172
Canada,CAN,2013,16.11036
Canada,CAN,2014,15.853792
Canada,CAN,2015,15.655382
Canada,CAN,2016,15.231254
Canada,CAN,2017,15.394822
Canada,CAN,2018,15.420052
Canada,CAN,2019,15.324565
Canada,CAN,2020,13.732821
Canada,CAN,2021,13.977163
Canada,CAN,2022,14.107159
Canada,CAN,2023,13.880179
Cape Verde,CPV,2010,1.0924591
Cape Verde,CPV,2011,1.2035358
Cape Verde,CPV,2012,0.98047143
Cape Verde,CPV,2013,0.96565807
Cape Verde,CPV,2014,0.95831233
Cape Verde,CPV,2015,0.9653302
Cape Verde,CPV,2016,1.0365306
Cape Verde,CPV,2017,1.1144183
Cape Verde,CPV,2018,1.1132917
Cape Verde,CPV,2019,1.225809
Cape Verde,CPV,2020,1.0108902
Cape Verde,CPV,2021,1.1417755
Cape Verde,CPV,2022,1.1498797
Cape Verde,CPV,2023,1.094112
Central African Republic,CAF,2010,0.03751255
Central African Republic,CAF,2011,0.033710234
Central African Republic,CAF,2012,0.03973239
Central African Republic,CAF,2013,0.022098806
Central African Republic,CAF,2014,0.028530968
Central African Republic,CAF,2015,0.04194826
Central African Republic,CAF,2016,0.05052546
Central African Republic,CAF,2017,0.05962059
Central African Republic,CAF,2018,0.05557588
Central African Republic,CAF,2019,0.06298451
Central African Republic,CAF,2020,0.06633153
Central African Republic,CAF,2021,0.07167305
Central African Republic,CAF,2022,0.07402691
Central African Republic,CAF,2023,0.075552724
Chad,TCD,2010,0.10038562
Chad,TCD,2011,0.100087225
Chad,TCD,2012,0.13220878
Chad,TCD,2013,0.15208156
Chad,TCD,2014,0.15383954
Chad,TCD,2015,0.1605635
Chad,TCD,2016,0.15756783
Chad,TCD,2017,0.14983028
Chad,TCD,2018,0.14752606
Chad,TCD,2019,0.13783364
Chad,TCD,2020,0.13680632
Chad,TCD,2021,0.14977008
Chad,TCD,2022,0.15173951
Chad,TCD,2023,0.14743946
Chile,CHL,2010,4.1525846
Chile,CHL,2011,4.4993253
Chile,CHL,2012,4.5448008
Chile,CHL,2013,4.6210914
Chile,CHL,2014,4.3431134
Chile,CHL,2015,4.5312576
Chile,CHL,2016,4.6121125
Chile,CHL,2017,4.533392
Chile,CHL,2018,4.469476
Chile,CHL,2019,4.7910333
Chile,CHL,2020,4.1391664
Chile,CHL,2021,4.298362
Chile,CHL,2022,4.385191
Chile,CHL,2023,3.9475496
China,CHN,2010,6.370445
China,CHN,2011,6.998823
China,CHN,2012,7.131918
China,CHN,2013,7.2097993
China,CHN,2014,7.187588
China,CHN,2015,7.0609546
China,CHN,2016,6.9428844
China,CHN,2017,7.080384
China,CHN,2018,7.2915606
China,CHN,2019,7.5260706
China,CHN,2020,7.64075
China,CHN,2021,7.910899
China,CHN,2022,8.217776
China,CHN,2023,8.556261
Colombia,COL,2010,1.684584
Colombia,COL,2011,1.6613352
Colombia,COL,2012,1.7209545
Colombia,COL,2013,1.8730689
Colombia,COL,2014,1.9766101
Colombia,COL,2015,1.9379755
Colombia,COL,2016,1.9306005
Colombia,COL,2017,1.7339902
Colombia,COL,2018,1.8523545
Colombia,COL,2019,1.9828873
Colombia,COL,2020,1.8231317
Colombia,COL,2021,2.0265136
Colombia,COL,2022,1.7286528
Colombia,COL,2023,1.7199993
Comoros,COM,2010,0.24618918
Comoros,COM,2011,0.21389568
Comoros,COM,2012,0.2257624
Comoros,COM,2013,0.26314163
Comoros,COM,2014,0.23173186
Comoros,COM,2015,0.24706165
Comoros,COM,2016,0.27662337
Comoros,COM,2017,0.34864247
Comoros,COM,2018,0.37039024
Comoros,COM,2019,0.39594093
Comoros,COM,2020,0.4613275
Comoros,COM,2021,0.60904104
Comoros,COM,2022,0.63734925
Comoros,COM,2023,0.6375075
Congo,COG,2010,1.2325344
Congo,COG,2011,1.0947329
Congo,COG,2012,1.0585532
Congo,COG,2013,1.2127337
Congo,COG,2014,1.09952
Congo,COG,2015,1.1057556
Congo,COG,2016,1.0966322
Congo,COG,2017,1.056052
Congo,COG,2018,1.193601
Congo,COG,2019,1.2985657
Congo,COG,2020,1.334534
Congo,COG,2021,1.2546886
Congo,COG,2022,1.446125
Congo,COG,2023,1.3382533
Cook Islands,COK,2010,4.095059
Cook Islands,COK,2011,4.4018307
Cook Islands,COK,2012,4.556699
Cook Islands,COK,2013,4.572466
Cook Islands,COK,2014,4.591479
Cook Islands,COK,2015,4.404098
Cook Islands,COK,2016,4.432258
Cook Islands,COK,2017,4.5086136
Cook Islands,COK,2018,4.6287675
Cook Islands,COK,2019,4.9908986
Cook Islands,COK,2020,4.2104187
Cook Islands,COK,2021,4.819467
Cook Islands,COK,2022,5.2176037
Cook Islands,COK,2023,5.376369
Costa Rica,CRI,2010,1.637679
Costa Rica,CRI,2011,1.5784479
Costa Rica,CRI,2012,1.5473616
Costa Rica,CRI,2013,1.6079941
Costa Rica,CRI,2014,1.6156219
Costa Rica,CRI,2015,1.5261014
Costa Rica,CRI,2016,1.6085756
Costa Rica,CRI,2017,1.625584
Costa Rica,CRI,2018,1.6069579
Costa Rica,CRI,2019,1.5322173
Costa Rica,CRI,2020,1.3416045
Costa Rica,CRI,2021,1.5149114
Costa Rica,CRI,2022,1.5762514
Costa Rica,CRI,2023,1.6594821
Cote d'Ivoire,CIV,2010,0.27680218
Cote d'Ivoire,CIV,2011,0.28383818
Cote d'Ivoire,CIV,2012,0.36391443
Cote d'Ivoire,CIV,2013,0.4043384
Cote d'Ivoire,CIV,2014,0.40376183
Cote d'Ivoire,CIV,2015,0.3784605
Cote d'Ivoire,CIV,2016,0.46093678
Cote d'Ivoire,CIV,2017,0.44894835
Cote d'Ivoire,CIV,2018,0.37922856
Cote d'Ivoire,CIV,2019,0.37380695
Cote d'Ivoire,CIV,2020,0.38106292
Cote d'Ivoire,CIV,2021,0.46106416
Cote d'Ivoire,CIV,2022,0.47719425
Cote d'Ivoire,CIV,2023,0.45089495
Croatia,HRV,2010,4.8773313
Croatia,HRV,2011,4.8155785
Croatia,HRV,2012,4.472641
Croatia,HRV,2013,4.337481
Croatia,HRV,2014,4.18296
Croatia,HRV,2015,4.2531147
Croatia,HRV,2016,4.370736
Croatia,HRV,2017,4.5874524
Croatia,HRV,2018,4.396296
Croatia,HRV,2019,4.470374
Croatia,HRV,2020,4.2666397
Croatia,HRV,2021,4.4343224
Croatia,HRV,2022,4.500902
Croatia,HRV,2023,4.740115
Cuba,CUB,2010,2.9247391
Cuba,CUB,2011,2.572717
Cuba,CUB,2012,2.6077478
Cuba,CUB,2013,2.4688954
Cuba,CUB,2014,2.4248602
Cuba,CUB,2015,2.5801377
Cuba,CUB,2016,2.4652224
Cuba,CUB,2017,2.1834598
Cuba,CUB,2018,2.050346
Cuba,CUB,2019,2.00725
Cuba,CUB,2020,1.9040953
Cuba,CUB,2021,2.0273802
Cuba,CUB,2022,2.1029758
Cuba,CUB,2023,2.1298018
Curacao,CUW,2010,25.712542
Curacao,CUW,2011,32.452293
Curacao,CUW,2012,39.075623
Curacao,CUW,2013,36.365517
Curacao,CUW,2014,41.18201
Curacao,CUW,2015,44.00204
Curacao,CUW,2016,36.970398
Curacao,CUW,2017,29.481585
Curacao,CUW,2018,23.80924
Curacao,CUW,2019,12.641481
Curacao,CUW,2020,10.851662
Curacao,CUW,2021,11.546135
Curacao,CUW,2022,11.920108
Curacao,CUW,2023,11.890415
Cyprus,CYP,2010,7.156974
Cyprus,CYP,2011,6.7966948
Cyprus,CYP,2012,6.231036
Cyprus,CYP,2013,5.5563617
Cyprus,CYP,2014,5.766146
Cyprus,CYP,2015,5.7010694
Cyprus,CYP,2016,5.9411874
Cyprus,CYP,2017,5.955064
Cyprus,CYP,2018,5.763717
Cyprus,CYP,2019,5.692592
Cyprus,CYP,2020,5.300958
Cyprus,CYP,2021,5.2764926
Cyprus,CYP,2022,5.3108797
Cyprus,CYP,2023,5.3443794
Czechia,CZE,2010,11.225506
Czechia,CZE,2011,10.974041
Czechia,CZE,2012,10.590268
Czechia,CZE,2013,10.152071
Czechia,CZE,2014,9.910655
Czechia,CZE,2015,9.975821
Czechia,CZE,2016,10.125045
Czechia,CZE,2017,10.220285
Czechia,CZE,2018,10.0789385
Czechia,CZE,2019,9.568804
Czechia,CZE,2020,8.688184
Czechia,CZE,2021,9.175987
Czechia,CZE,2022,8.904502
Czechia,CZE,2023,7.6997585
Democratic Republic of Congo,COD,2010,0.03989632
Democratic Republic of Congo,COD,2011,0.042922717
Democratic Republic of Congo,COD,2012,0.038186394
Democratic Republic of Congo,COD,2013,0.05173664
Democratic Republic of Congo,COD,2014,0.064614125
Democratic Republic of Congo,COD,2015,0.04040672
Democratic Republic of Congo,COD,2016,0.031676006
Democratic Republic of Congo,COD,2017,0.0335339
Democratic Republic of Congo,COD,2018,0.04191342
Democratic Republic of Congo,COD,2019,0.044305593
Democratic Republic of Congo,COD,2020,0.04484622
Democratic Republic of Congo,COD,2021,0.043290805
Democratic Republic of Congo,COD,2022,0.057544336
Democratic Republic of Congo,COD,2023,0.05559222
Denmark,DNK,2010,8.866418
Denmark,DNK,2011,7.9407773
Denmark,DNK,2012,7.128379
Denmark,DNK,2013,7.4373164
Denmark,DNK,2014,6.6571136
Denmark,DNK,2015,6.177417
Denmark,DNK,2016,6.44471
Denmark,DNK,2017,6.0127726
Denmark,DNK,2018,5.973422
Denmark,DNK,2019,5.3228407
Denmark,DNK,2020,4.8528743
Denmark,DNK,2021,5.0545783
Denmark,DNK,2022,4.9288173
Denmark,DNK,2023,4.8470974
Djibouti,DJI,2010,0.5553592
Djibouti,DJI,2011,0.33219022
Djibouti,DJI,2012,0.3032002
Djibouti,DJI,2013,0.3866828
Djibouti,DJI,2014,0.41648516
Djibouti,DJI,2015,0.4948673
Djibouti,DJI,2016,0.412241
Djibouti,DJI,2017,0.39223146
Djibouti,DJI,2018,0.43989566
Djibouti,DJI,2019,0.49619916
Djibouti,DJI,2020,0.41898745
Djibouti,DJI,2021,0.49731505
Djibouti,DJI,2022,0.4840291
Djibouti,DJI,2023,0.48359296
Dominica,DMA,2010,2.4472065
Dominica,DMA,2011,2.1748586
Dominica,DMA,2012,2.3847957
Dominica,DMA,2013,2.2593608
Dominica,DMA,2014,2.3945332
Dominica,DMA,2015,2.497153
Dominica,DMA,2016,2.4732933
Dominica,DMA,2017,2.246081
Dominica,DMA,2018,2.4177725
Dominica,DMA,2019,2.5361629
Dominica,DMA,2020,2.3310647
Dominica,DMA,2021,2.3982625
Dominica,DMA,2022,2.4663935
Dominica,DMA,2023,2.4730878
Dominican Republic,DOM,2010,2.0819619
Dominican Republic,DOM,2011,2.103672
Dominican Republic,DOM,2012,2.075673
Dominican Republic,DOM,2013,2.0445297
Dominican Republic,DOM,2014,2.0613797
Dominican Republic,DOM,2015,2.2028282
Dominican Republic,DOM,2016,2.2878761
Dominican Republic,DOM,2017,2.1988876
Dominican Republic,DOM,2018,2.337508
Dominican Republic,DOM,2019,2.6134562
Dominican Republic,DOM,2020,2.3825326
Dominican Republic,DOM,2021,2.6397047
Dominican Republic,DOM,2022,2.7802987
Dominican Republic,DOM,2023,2.8089135
East Timor,TLS,2010,0.28868577
East Timor,TLS,2011,0.39081725
East Timor,TLS,2012,0.5210148
East Timor,TLS,2013,0.53505445
East Timor,TLS,2014,0.5305636
East Timor,TLS,2015,0.48993015
East Timor,TLS,2016,0.5234541
East Timor,TLS,2017,0.55351996
East Timor,TLS,2018,0.48357552
East Timor,TLS,2019,0.5191845
East Timor,TLS,2020,0.48724145
East Timor,TLS,2021,0.4593354
East Timor,TLS,2022,0.48899838
East Timor,TLS,2023,0.45995858
Ecuador,ECU,2010,2.41893
Ecuador,ECU,2011,2.510752
Ecuador,ECU,2012,2.4076736
Ecuador,ECU,2013,2.5105705
Ecuador,ECU,2014,2.7289972
Ecuador,ECU,2015,2.5388634
Ecuador,ECU,2016,2.3855908
Ecuador,ECU,2017,2.3387234
Ecuador,ECU,2018,2.2552624
Ecuador,ECU,2019,2.3115683
Ecuador,ECU,2020,1.8507442
Ecuador,ECU,2021,2.159484
Ecuador,ECU,2022,2.36007
Ecuador,ECU,2023,2.4805002
Egypt,EGY,2010,2.2725692
Egypt,EGY,2011,2.4335008
Egypt,EGY,2012,2.28126
Egypt,EGY,2013,2.2981055
Egypt,EGY,2014,2.3301265
Egypt,EGY,2015,2.2757032
Egypt,EGY,2016,2.411969
Egypt,EGY,2017,2.443332
Egypt,EGY,2018,2.2889705
Egypt,EGY,2019,2.1762276
Egypt,EGY,2020,2.2533324
Egypt,EGY,2021,2.4048865
Egypt,EGY,2022,2.2189891
Egypt,EGY,2023,2.1847339
El Salvador,SLV,2010,1.0360224
El Salvador,SLV,2011,1.0618316
El Salvador,SLV,2012,1.0527395
El Salvador,SLV,2013,0.98683953
El Salvador,SLV,2014,0.99306273
El Salvador,SLV,2015,1.0733306
El Salvador,SLV,2016,1.0598669
El Salvador,SLV,2017,0.9562393
El Salvador,SLV,2018,1.0373579
El Salvador,SLV,2019,1.2268993
El Salvador,SLV,2020,0.98398876
El Salvador,SLV,2021,1.1152391
El Salvador,SLV,2022,1.2599217
El Salvador,SLV,2023,1.3740716
Equatorial Guinea,GNQ,2010,5.36254
Equatorial Guinea,GNQ,2011,4.8854165
Equatorial Guinea,GNQ,2012,5.315122
Equatorial Guinea,GNQ,2013,6.0676517
Equatorial Guinea,GNQ,2014,5.4587445
Equatorial Guinea,GNQ,2015,4.8213663
Equatorial Guinea,GNQ,2016,4.997847
Equatorial Guinea,GNQ,2017,4.3622804
Equatorial Guinea,GNQ,2018,4.351806
Equatorial Guinea,GNQ,2019,3.3012357
Equatorial Guinea,GNQ,2020,3.7224493
Equatorial Guinea,GNQ,2021,4.029795
Equatorial Guinea,GNQ,2022,4.1567073
Equatorial Guinea,GNQ,2023,3.7418964
Eritrea,ERI,2010,0.15891197
Eritrea,ERI,2011,0.1927028
Eritrea,ERI,2012,0.2002731
Eritrea,ERI,2013,0.18524463
Eritrea,ERI,2014,0.1838695
Eritrea,ERI,2015,0.1795116
Eritrea,ERI,2016,0.17741415
Eritrea,ERI,2017,0.17566207
Eritrea,ERI,2018,0.19297862
Eritrea,ERI,2019,0.19893253
Eritrea,ERI,2020,0.19473019
Eritrea,ERI,2021,0.2034625
Eritrea,ERI,2022,0.2106724
Eritrea,ERI,2023,0.21064918
Estonia,EST,2010,14.243671
Estonia,EST,2011,14.274907
Estonia,EST,2012,13.429013
Estonia,EST,2013,14.897581
Estonia,EST,2014,14.290275
Estonia,EST,2015,12.003551
Estonia,EST,2016,13.248403
Estonia,EST,2017,14.13057
Estonia,EST,2018,13.465254
Estonia,EST,2019,9.261298
Estonia,EST,2020,6.917664
Estonia,EST,2021,7.8024516
Estonia,EST,2022,8.863261
Estonia,EST,2023,6.3957644
Eswatini,SWZ,2010,0.8965116
Eswatini,SWZ,2011,0.8587666
Eswatini,SWZ,2012,0.98782957
Eswatini,SWZ,2013,1.1640495
Eswatini,SWZ,2014,0.67069316
Eswatini,SWZ,2015,0.7438149
Eswatini,SWZ,2016,0.88929254
Eswatini,SWZ,2017,0.8383368
Eswatini,SWZ,2018,0.8682516
Eswatini,SWZ,2019,0.9316162
Eswatini,SWZ,2020,0.8294222
Eswatini,SWZ,2021,0.819892
Eswatini,SWZ,2022,0.8435616
Eswatini,SWZ,2023,0.8367388
Ethiopia,ETH,2010,0.070071824
Ethiopia,ETH,2011,0.07895706
Ethiopia,ETH,2012,0.08338755
Ethiopia,ETH,2013,0.09898247
Ethiopia,ETH,2014,0.11415848
Ethiopia,ETH,2015,0.12095851
Ethiopia,ETH,2016,0.13421538
Ethiopia,ETH,2017,0.13315514
Ethiopia,ETH,2018,0.14305523
Ethiopia,ETH,2019,0.1484148
Ethiopia,ETH,2020,0.14072774
Ethiopia,ETH,2021,0.1466006
Ethiopia,ETH,2022,0.13526215
Ethiopia,ETH,2023,0.13653299
Europe,,2010,8.278616
Europe,,2011,8.166225
Europe,,2012,8.092234
Europe,,2013,7.8675003
Europe,,2014,7.5443096
Europe,,2015,7.533763
Europe,,2016,7.495169
Europe,,2017,7.5266643
Europe,,2018,7.4903345
Europe,,2019,7.245424
Europe,,2020,6.6967344
Europe,,2021,7.0246267
Europe,,2022,6.812951
Europe,,2023,6.545994
Europe (excl. EU-27),,2010,9.0271435
Europe (excl. EU-27),,2011,9.096335
Europe (excl. EU-27),,2012,9.155271
Europe (excl. EU-27),,2013,8.881309
Europe (excl. EU-27),,2014,8.552544
Europe (excl. EU-27),,2015,8.361843
Europe (excl. EU-27),,2016,8.290504
Europe (excl. EU-27),,2017,8.306985
Europe (excl. EU-27),,2018,8.46394
Europe (excl. EU-27),,2019,8.355522
Europe (excl. EU-27),,2020,7.924384
Europe (excl. EU-27),,2021,8.162552
Europe (excl. EU-27),,2022,7.893341
Europe (excl. EU-27),,2023,8.117344
Europe (excl. EU-28),,2010,9.268788
Europe (excl. EU-28),,2011,9.555444
Europe (excl. EU-28),,2012,9.572147
Europe (excl. EU-28),,2013,9.281493
Europe (excl. EU-28),,2014,9.04461
Europe (excl. EU-28),,2015,8.888763
Europe (excl. EU-28),,2016,8.912571
Europe (excl. EU-28),,2017,9.000401
Europe (excl. EU-28),,2018,9.248195
Europe (excl. EU-28),,2019,9.186173
Europe (excl. EU-28),,2020,8.8059225
Europe (excl. EU-28),,2021,9.059175
Europe (excl. EU-28),,2022,8.8777485
Europe (excl. EU-28),,2023,9.216151
European Union (27),,2010,7.7718043
European Union (27),,2011,7.5368204
European Union (27),,2012,7.3724475
European Union (27),,2013,7.1802287
European Union (27),,2014,6.8602777
European Union (27),,2015,6.971909
European Union (27),,2016,6.9553504
European Union (27),,2017,6.9968195
European Union (27),,2018,6.8296947
European Union (27),,2019,6.493405
European Union (27),,2020,5.866867
European Union (27),,2021,6.257386
European Union (27),,2022,6.094108
European Union (27),,2023,5.514157
European Union (28),,2010,7.8159466
European Union (28),,2011,7.5191064
European Union (28),,2012,7.403935
European Union (28),,2013,7.2103806
European Union (28),,2014,6.8480864
European Union (28),,2015,6.906373
European Union (28),,2016,6.840079
European Union (28),,2017,6.846633
European Union (28),,2018,6.681291
European Union (28),,2019,6.3553524
European Union (28),,2020,5.733151
European Union (28),,2021,6.100095
European Union (28),,2022,5.8923383
European Union (28),,2023,5.377633
Faroe Islands,FRO,2010,13.001266
Faroe Islands,FRO,2011,11.765874
Faroe Islands,FRO,2012,12.336957
Faroe Islands,FRO,2013,13.427915
Faroe Islands,FRO,2014,12.310254
Faroe Islands,FRO,2015,12.434051
Faroe Islands,FRO,2016,12.6436615
Faroe Islands,FRO,2017,13.994748
Faroe Islands,FRO,2018,14.207669
Faroe Islands,FRO,2019,14.269453
Faroe Islands,FRO,2020,14.415052
Faroe Islands,FRO,2021,14.704373
Faroe Islands,FRO,2022,13.377783
Faroe Islands,FRO,2023,13.037725
Fiji,FJI,2010,1.1308804
Fiji,FJI,2011,1.0193485
Fiji,FJI,2012,0.993171
Fiji,FJI,2013,1.1315564
Fiji,FJI,2014,1.2857696
Fiji,FJI,2015,1.5915086
Fiji,FJI,2016,1.462942
Fiji,FJI,2017,1.5832261
Fiji,FJI,2018,1.6139121
Fiji,FJI,2019,1.6498482
Fiji,FJI,2020,1.4975775
Fiji,FJI,2021,1.1871994
Fiji,FJI,2022,1.5103477
Fiji,FJI,2023,1.4955322
Finland,FIN,2010,11.950002
Finland,FIN,2011,10.512902
Finland,FIN,2012,9.448505
Finland,FIN,2013,9.508818
Finland,FIN,2014,8.719286
Finland,FIN,2015,8.064647
Finland,FIN,2016,8.598358
Finland,FIN,2017,8.107076
Finland,FIN,2018,8.291922
Finland,FIN,2019,7.686688
Finland,FIN,2020,6.82145
Finland,FIN,2021,6.825398
Finland,FIN,2022,6.5245185
Finland,FIN,2023,5.6771917
France,FRA,2010,5.945996
France,FRA,2011,5.572035
France,FRA,2012,5.59021
France,FRA,2013,5.591334
France,FRA,2014,5.067184
France,FRA,2015,5.116293
France,FRA,2016,5.1545954
France,FRA,2017,5.182955
France,FRA,2018,4.93138
France,FRA,2019,4.812466
France,FRA,2020,4.271517
France,FRA,2021,4.649748
France,FRA,2022,4.4555726
France,FRA,2023,4.067842
French Polynesia,PYF,2010,3.412277
French Polynesia,PYF,2011,3.2495897
French Polynesia,PYF,2012,3.206597
French Polynesia,PYF,2013,3.2140818
French Polynesia,PYF,2014,3.075527
French Polynesia,PYF,2015,3.0458944
French Polynesia,PYF,2016,3.1104233
French Polynesia,PYF,2017,3.1264138
French Polynesia,PYF,2018,3.1425579
French Polynesia,PYF,2019,3.1907682
French Polynesia,PYF,2020,2.9787765
French Polynesia,PYF,2021,3.1034424
French Polynesia,PYF,2022,3.1623607
French Polynesia,PYF,2023,3.139173
Gabon,GAB,2010,3.2143426
Gabon,GAB,2011,3.0566165
Gabon,GAB,2012,2.7160041
Gabon,GAB,2013,2.7131112
Gabon,GAB,2014,2.8626618
Gabon,GAB,2015,2.8280737
Gabon,GAB,2016,2.672476
Gabon,GAB,2017,2.5501933
Gabon,GAB,2018,2.5147185
Gabon,GAB,2019,2.4726572
Gabon,GAB,2020,2.4266992
Gabon,GAB,2021,2.333091
Gabon,GAB,2022,2.3792052
Gabon,GAB,2023,2.1414058
Gambia,GMB,2010,0.22440796
Gambia,GMB,2011,0.22348389
Gambia,GMB,2012,0.22058277
Gambia,GMB,2013,0.203766
Gambia,GMB,2014,0.23359843
Gambia,GMB,2015,0.26188722
Gambia,GMB,2016,0.25830215
Gambia,GMB,2017,0.2549886
Gambia,GMB,2018,0.27026132
Gambia,GMB,2019,0.2893204
Gambia,GMB,2020,0.27817774
Gambia,GMB,2021,0.2816257
Gambia,GMB,2022,0.3064694
Gambia,GMB,2023,0.2863896
Georgia,GEO,2010,1.6144768
Georgia,GEO,2011,2.0198402
Georgia,GEO,2012,2.1602435
Georgia,GEO,2013,2.1075783
Georgia,GEO,2014,2.3881645
Georgia,GEO,2015,2.5822062
Georgia,GEO,2016,2.6484108
Georgia,GEO,2017,2.652296
Georgia,GEO,2018,2.6057036
Georgia,GEO,2019,2.770044
Georgia,GEO,2020,2.7341554
Georgia,GEO,2021,2.8375084
Georgia,GEO,2022,3.1622012
Georgia,GEO,2023,3.1312468
Germany,DEU,2010,10.22758
Germany,DEU,2011,9.95007
Germany,DEU,2012,10.060916
Germany,DEU,2013,10.263195
Germany,DEU,2014,9.739761
Germany,DEU,2015,9.756902
Germany,DEU,2016,9.642186
Germany,DEU,2017,9.441122
Germany,DEU,2018,9.101415
Germany,DEU,2019,8.480803
Germany,DEU,2020,7.738692
Germany,DEU,2021,8.100614
Germany,DEU,2022,7.942359
Germany,DEU,2023,7.022808
Ghana,GHA,2010,0.35103095
Ghana,GHA,2011,0.39580444
Ghana,GHA,2012,0.47282326
Ghana,GHA,2013,0.46045056
Ghana,GHA,2014,0.4727469
Ghana,GHA,2015,0.50766945
Ghana,GHA,2016,0.4739508
Ghana,GHA,2017,0.41446012
Ghana,GHA,2018,0.49578497
Ghana,GHA,2019,0.52513593
Ghana,GHA,2020,0.60098386
Ghana,GHA,2021,0.6321311
Ghana,GHA,2022,0.6258142
Ghana,GHA,2023,0.5959423
Greece,GRC,2010,8.751197
Greece,GRC,2011,8.507211
Greece,GRC,2012,8.272102
Greece,GRC,2013,7.4504676
Greece,GRC,2014,7.218808
Greece,GRC,2015,6.924253
Greece,GRC,2016,6.6223903
Greece,GRC,2017,6.959737
Greece,GRC,2018,6.6889496
Greece,GRC,2019,6.132932
Greece,GRC,2020,5.1944113
Greece,GRC,2021,5.4376464
Greece,GRC,2022,5.532692
Greece,GRC,2023,5.0755324
Greenland,GRL,2010,11.666225
Greenland,GRL,2011,12.40216
Greenland,GRL,2012,9.631143
Greenland,GRL,2013,9.94481
Greenland,GRL,2014,8.942201
Greenland,GRL,2015,9.770197
Greenland,GRL,2016,9.079561
Greenland,GRL,2017,9.55366
Greenland,GRL,2018,9.335829
Greenland,GRL,2019,9.376927
Greenland,GRL,2020,9.794296
Greenland,GRL,2021,9.74501
Greenland,GRL,2022,10.483111
Greenland,GRL,2023,10.883719
Grenada,GRD,2010,2.298208
Grenada,GRD,2011,2.2227259
Grenada,GRD,2012,2.371374
Grenada,GRD,2013,2.6471422
Grenada,GRD,2014,2.1185129
Grenada,GRD,2015,2.2682164
Grenada,GRD,2016,2.3865147
Grenada,GRD,2017,2.5389786
Grenada,GRD,2018,2.660052
Grenada,GRD,2019,2.8744688
Grenada,GRD,2020,2.4877398
Grenada,GRD,2021,2.6688147
Grenada,GRD,2022,2.928238
Grenada,GRD,2023,3.0998428
Guatemala,GTM,2010,0.74600375
Guatemala,GTM,2011,0.7422373
Guatemala,GTM,2012,0.7519584
Guatemala,GTM,2013,0.81193084
Guatemala,GTM,2014,0.8560798
Guatemala,GTM,2015,0.9672817
Guatemala,GTM,2016,1.0156711
Guatemala,GTM,2017,1.0256746
Guatemala,GTM,2018,1.088612
Guatemala,GTM,2019,1.1259985
Guatemala,GTM,2020,0.98845255
Guatemala,GTM,2021,1.1355486
Guatemala,GTM,2022,1.0596977
Guatemala,GTM,2023,1.088896
Guinea,GIN,2010,0.23648737
Guinea,GIN,2011,0.23998472
Guinea,GIN,2012,0.21907014
Guinea,GIN,2013,0.18562467
Guinea,GIN,2014,0.20662637
Guinea,GIN,2015,0.20858188
Guinea,GIN,2016,0.22362354
Guinea,GIN,2017,0.3913775
Guinea,GIN,2018,0.29675895
Guinea,GIN,2019,0.31487304
Guinea,GIN,2020,0.331328
Guinea,GIN,2021,0.29667225
Guinea,GIN,2022,0.2883205
Guinea,GIN,2023,0.26899692
Guinea-Bissau,GNB,2010,0.06549741
Guinea-Bissau,GNB,2011,0.06835464
Guinea-Bissau,GNB,2012,0.06877939
Guinea-Bissau,GNB,2013,0.08425571
Guinea-Bissau,GNB,2014,0.08207103
Guinea-Bissau,GNB,2015,0.08614126
Guinea-Bissau,GNB,2016,0.092005126
Guinea-Bissau,GNB,2017,0.09759871
Guinea-Bissau,GNB,2018,0.102933824
Guinea-Bissau,GNB,2019,0.13034482
Guinea-Bissau,GNB,2020,0.15469445
Guinea-Bissau,GNB,2021,0.1655067
Guinea-Bissau,GNB,2022,0.16357648
Guinea-Bissau,GNB,2023,0.15294452
Guyana,GUY,2010,2.5135448
Guyana,GUY,2011,2.62219
Guyana,GUY,2012,2.6217158
Guyana,GUY,2013,2.5354204
Guyana,GUY,2014,2.6184232
Guyana,GUY,2015,2.5882287
Guyana,GUY,2016,2.893261
Guyana,GUY,2017,2.8082547
Guyana,GUY,2018,2.9300408
Guyana,GUY,2019,3.2751155
Guyana,GUY,2020,3.8394089
Guyana,GUY,2021,3.596365
Guyana,GUY,2022,5.351061
Guyana,GUY,2023,5.2990813
Haiti,HTI,2010,0.21721616
Haiti,HTI,2011,0.22911558
Haiti,HTI,2012,0.22465797
Haiti,HTI,2013,0.26444125
Haiti,HTI,2014,0.26013404
Haiti,HTI,2015,0.25224766
Haiti,HTI,2016,0.27895868
Haiti,HTI,2017,0.28966093
Haiti,HTI,2018,0.31023884
Haiti,HTI,2019,0.28084463
Haiti,HTI,2020,0.2904154
Haiti,HTI,2021,0.3083372
Haiti,HTI,2022,0.2495167
Haiti,HTI,2023,0.24616757
High-income countries,,2010,11.84526
High-income countries,,2011,11.69413
High-income countries,,2012,11.557316
High-income countries,,2013,11.46286
High-income countries,,2014,11.253054
High-income countries,,2015,11.123782
High-income countries,,2016,10.94839
High-income countries,,2017,10.889754
High-income countries,,2018,10.938764
High-income countries,,2019,10.68583
High-income countries,,2020,9.785993
High-income countries,,2021,10.259775
High-income countries,,2022,10.153266
High-income countries,,2023,9.833445
Honduras,HND,2010,0.9689999
Honduras,HND,2011,1.0370072
Honduras,HND,2012,1.0451261
Honduras,HND,2013,1.0493833
Honduras,HND,2014,1.0485588
Honduras,HND,2015,1.1797605
Honduras,HND,2016,1.0559229
Honduras,HND,2017,1.0635973
Honduras,HND,2018,1.0113649
Honduras,HND,2019,1.1024681
Honduras,HND,2020,0.9858834
Honduras,HND,2021,1.0748178
Honduras,HND,2022,1.1221477
Honduras,HND,2023,1.1652912
Hong Kong,HKG,2010,5.6413803
Hong Kong,HKG,2011,6.0408654
Hong Kong,HKG,2012,5.935016
Hong Kong,HKG,2013,6.099736
Hong Kong,HKG,2014,6.215143
Hong Kong,HKG,2015,5.756334
Hong Kong,HKG,2016,5.8539157
Hong Kong,HKG,2017,5.6993694
Hong Kong,HKG,2018,5.7015047
Hong Kong,HKG,2019,5.596796
Hong Kong,HKG,2020,4.4742217
Hong Kong,HKG,2021,4.4941583
Hong Kong,HKG,2022,4.120568
Hong Kong,HKG,2023,4.428082
Hungary,HUN,2010,5.2101464
Hungary,HUN,2011,5.04249
Hungary,HUN,2012,4.7113004
Hungary,HUN,2013,4.397312
Hungary,HUN,2014,4.424574
Hungary,HUN,2015,4.732789
Hungary,HUN,2016,4.794759
Hungary,HUN,2017,5.050634
Hungary,HUN,2018,5.0505667
Hungary,HUN,2019,5.0314445
Hungary,HUN,2020,4.831583
Hungary,HUN,2021,4.9780636
Hungary,HUN,2022,4.674298
Hungary,HUN,2023,4.164973
Iceland,ISL,2010,11.398676
Iceland,ISL,2011,10.977909
Iceland,ISL,2012,10.90585
Iceland,ISL,2013,10.771516
Iceland,ISL,2014,10.519396
Iceland,ISL,2015,10.699156
Iceland,ISL,2016,10.411099
Iceland,ISL,2017,10.511092
Iceland,ISL,2018,10.387562
Iceland,ISL,2019,9.849048
Iceland,ISL,2020,9.107118
Iceland,ISL,2021,9.367136
Iceland,ISL,2022,9.458432
Iceland,ISL,2023,9.052132
India,IND,2010,1.3498628
India,IND,2011,1.3999841
India,IND,2012,1.5070187
India,IND,2013,1.5398146
India,IND,2014,1.6368889
India,IND,2015,1.6805544
India,IND,2016,1.7504745
India,IND,2017,1.7840685
India,IND,2018,1.8879061
India,IND,2019,1.8798543
India,IND,2020,1.7272933
India,IND,2021,1.8920738
India,IND,2022,1.9861692
India,IND,2023,2.1297693
Indonesia,IDN,2010,1.8082032
Indonesia,IDN,2011,2.0060833
Indonesia,IDN,2012,2.041047
Indonesia,IDN,2013,1.9285924
Indonesia,IDN,2014,1.9238018
Indonesia,IDN,2015,2.1052775
Indonesia,IDN,2016,2.0707185
Indonesia,IDN,2017,2.1355352
Indonesia,IDN,2018,2.249951
Indonesia,IDN,2019,2.440643
Indonesia,IDN,2020,2.268087
Indonesia,IDN,2021,2.2870014
Indonesia,IDN,2022,2.7185707
Indonesia,IDN,2023,2.7111824
Iran,IRN,2010,7.252517
Iran,IRN,2011,7.3531413
Iran,IRN,2012,7.5503836
Iran,IRN,2013,7.5856357
Iran,IRN,2014,7.9044347
Iran,IRN,2015,7.770076
Iran,IRN,2016,7.6919622
Iran,IRN,2017,8.190451
Iran,IRN,2018,7.7164273
Iran,IRN,2019,8.354448
Iran,IRN,2020,8.49939
Iran,IRN,2021,8.812627
Iran,IRN,2022,8.569505
Iran,IRN,2023,8.715231
Iraq,IRQ,2010,3.671512
Iraq,IRQ,2011,3.8408003
Iraq,IRQ,2012,3.9827716
Iraq,IRQ,2013,4.016338
Iraq,IRQ,2014,3.7623115
Iraq,IRQ,2015,3.7946744
Iraq,IRQ,2016,3.9805984
Iraq,IRQ,2017,4.257336
Iraq,IRQ,2018,4.62321
Iraq,IRQ,2019,4.655681
Iraq,IRQ,2020,4.086228
Iraq,IRQ,2021,4.483625
Iraq,IRQ,2022,4.9385333
Iraq,IRQ,2023,5.056339
Ireland,IRL,2010,9.1665125
Ireland,IRL,2011,8.309539
Ireland,IRL,2012,8.309304
Ireland,IRL,2013,8.060807
Ireland,IRL,2014,7.910693
Ireland,IRL,2015,8.2329445
Ireland,IRL,2016,8.492474
Ireland,IRL,2017,8.116082
Ireland,IRL,2018,7.9880743
Ireland,IRL,2019,7.540263
Ireland,IRL,2020,7.0349927
Ireland,IRL,2021,7.4523654
Ireland,IRL,2022,7.177214
Ireland,IRL,2023,6.4595604
Israel,ISR,2010,9.307533
Israel,ISR,2011,9.181438
Israel,ISR,2012,9.829567
Israel,ISR,2013,8.141993
Israel,ISR,2014,7.6329613
Israel,ISR,2015,7.815259
Israel,ISR,2016,7.4499764
Israel,ISR,2017,7.037854
Israel,ISR,2018,7.04882
Israel,ISR,2019,6.809169
Israel,ISR,2020,6.7366834
Israel,ISR,2021,6.5918126
Israel,ISR,2022,6.8401985
Israel,ISR,2023,5.9831605
Italy,ITA,2010,7.2413816
Italy,ITA,2011,7.0218983
Italy,ITA,2012,6.665015
Italy,ITA,2013,6.0912943
Italy,ITA,2014,5.7593956
Italy,ITA,2015,5.9635468
Italy,ITA,2016,5.9216995
Italy,ITA,2017,5.8397813
Italy,ITA,2018,5.790691
Italy,ITA,2019,5.6483817
Italy,ITA,2020,5.0506783
Italy,ITA,2021,5.6242104
Italy,ITA,2022,5.704794
Italy,ITA,2023,5.248631
Jamaica,JAM,2010,2.793193
Jamaica,JAM,2011,2.9800084
Jamaica,JAM,2012,2.84486
Jamaica,JAM,2013,3.0415494
Jamaica,JAM,2014,2.747366
Jamaica,JAM,2015,2.8425038
Jamaica,JAM,2016,2.894788
Jamaica,JAM,2017,2.758836
Jamaica,JAM,2018,2.858282
Jamaica,JAM,2019,3.3434515
Jamaica,JAM,2020,2.4254513
Jamaica,JAM,2021,2.5769415
Jamaica,JAM,2022,2.7852037
Jamaica,JAM,2023,2.8413825
Japan,JPN,2010,9.447968
Japan,JPN,2011,9.845555
Japan,JPN,2012,10.178457
Japan,JPN,2013,10.271204
Japan,JPN,2014,9.885529
Japan,JPN,2015,9.58534
Japan,JPN,2016,9.436406
Japan,JPN,2017,9.321171
Japan,JPN,2018,8.971074
Japan,JPN,2019,8.698248
Japan,JPN,2020,8.212569
Japan,JPN,2021,8.422242
Japan,JPN,2022,8.237319
Japan,JPN,2023,7.9352145
Jordan,JOR,2010,2.855723
Jordan,JOR,2011,2.8620572
Jordan,JOR,2012,3.1723576
Jordan,JOR,2013,3.010706
Jordan,JOR,2014,2.97608
Jordan,JOR,2015,2.7029984
Jordan,JOR,2016,2.493358
Jordan,JOR,2017,2.548305
Jordan,JOR,2018,2.429594
Jordan,JOR,2019,2.3022892
Jordan,JOR,2020,1.8979398
Jordan,JOR,2021,1.9148241
Jordan,JOR,2022,1.9924614
Jordan,JOR,2023,2.0210526
Kazakhstan,KAZ,2010,14.735143
Kazakhstan,KAZ,2011,13.955058
Kazakhstan,KAZ,2012,14.172037
Kazakhstan,KAZ,2013,14.44096
Kazakhstan,KAZ,2014,16.790108
Kazakhstan,KAZ,2015,16.757872
Kazakhstan,KAZ,2016,16.431355
Kazakhstan,KAZ,2017,17.034184
Kazakhstan,KAZ,2018,17.407537
Kazakhstan,KAZ,2019,15.411059
Kazakhstan,KAZ,2020,14.463993
Kazakhstan,KAZ,2021,12.404203
Kazakhstan,KAZ,2022,13.693581
Kazakhstan,KAZ,2023,14.076408
Kenya,KEN,2010,0.28502947
Kenya,KEN,2011,0.28573626
Kenya,KEN,2012,0.25623727
Kenya,KEN,2013,0.27036667
Kenya,KEN,2014,0.2869488
Kenya,KEN,2015,0.3230555
Kenya,KEN,2016,0.33836323
Kenya,KEN,2017,0.3288992
Kenya,KEN,2018,0.3386544
Kenya,KEN,2019,0.35464606
Kenya,KEN,2020,0.3828149
Kenya,KEN,2021,0.38688725
Kenya,KEN,2022,0.37868083
Kenya,KEN,2023,0.38283524
Kiribati,KIR,2010,0.5392349
Kiribati,KIR,2011,0.49665642
Kiribati,KIR,2012,0.48943388
Kiribati,KIR,2013,0.48275316
Kiribati,KIR,2014,0.47650838
Kiribati,KIR,2015,0.5018061
Kiribati,KIR,2016,0.46384445
Kiribati,KIR,2017,0.57874435
Kiribati,KIR,2018,0.5701696
Kiribati,KIR,2019,0.5617455
Kiribati,KIR,2020,0.55202603
Kiribati,KIR,2021,0.5422356
Kiribati,KIR,2022,0.53352547
Kiribati,KIR,2023,0.52276295
Kosovo,OWID_KOS,2010,4.67063
Kosovo,OWID_KOS,2011,4.6286993
Kosovo,OWID_KOS,2012,4.3440437
Kosovo,OWID_KOS,2013,4.383573
Kosovo,OWID_KOS,2014,3.9409475
Kosovo,OWID_KOS,2015,4.660203
Kosovo,OWID_KOS,2016,4.991303
Kosovo,OWID_KOS,2017,4.537384
Kosovo,OWID_KOS,2018,4.5507927
Kosovo,OWID_KOS,2019,4.7781363
Kosovo,OWID_KOS,2020,4.825547
Kosovo,OWID_KOS,2021,5.0623536
Kosovo,OWID_KOS,2022,4.9881287
Kosovo,OWID_KOS,2023,4.8353086
Kuwait,KWT,2010,30.482365
Kuwait,KWT,2011,27.81871
Kuwait,KWT,2012,30.326586
Kuwait,KWT,2013,23.675167
Kuwait,KWT,2014,20.457846
Kuwait,KWT,2015,24.336504
Kuwait,KWT,2016,25.978886
Kuwait,KWT,2017,24.071701
Kuwait,KWT,2018,23.697384
Kuwait,KWT,2019,23.559092
Kuwait,KWT,2020,20.477186
Kuwait,KWT,2021,20.149948
Kuwait,KWT,2022,25.242083
Kuwait,KWT,2023,25.454494
Kyrgyzstan,KGZ,2010,1.157307
Kyrgyzstan,KGZ,2011,1.3620738
Kyrgyzstan,KGZ,2012,1.7706753
Kyrgyzstan,KGZ,2013,1.679027
Kyrgyzstan,KGZ,2014,1.7354746
Kyrgyzstan,KGZ,2015,1.7102621
Kyrgyzstan,KGZ,2016,1.5751394
Kyrgyzstan,KGZ,2017,1.5054495
Kyrgyzstan,KGZ,2018,1.7621223
Kyrgyzstan,KGZ,2019,1.3930722
Kyrgyzstan,KGZ,2020,1.2527478
Kyrgyzstan,KGZ,2021,1.5157713
Kyrgyzstan,KGZ,2022,1.6551521
Kyrgyzstan,KGZ,2023,1.5755129
Laos,LAO,2010,0.47375357
Laos,LAO,2011,0.48187655
Laos,LAO,2012,0.5105654
Laos,LAO,2013,0.6350123
Laos,LAO,2014,0.65387225
Laos,LAO,2015,1.3503778
Laos,LAO,2016,2.374729
Laos,LAO,2017,2.7963116
Laos,LAO,2018,2.873369
Laos,LAO,2019,2.5339587
Laos,LAO,2020,2.4900937
Laos,LAO,2021,2.929837
Laos,LAO,2022,2.9830346
Laos,LAO,2023,3.1516066
Latvia,LVA,2010,4.0777874
Latvia,LVA,2011,3.7906103
Latvia,LVA,2012,3.6958487
Latvia,LVA,2013,3.660572
Latvia,LVA,2014,3.5966146
Latvia,LVA,2015,3.671832
Latvia,LVA,2016,3.6791766
Latvia,LVA,2017,3.714261
Latvia,LVA,2018,4.0689178
Latvia,LVA,2019,3.9876633
Latvia,LVA,2020,3.681657
Latvia,LVA,2021,3.8281586
Latvia,LVA,2022,3.5129132
Latvia,LVA,2023,3.5007896
Lebanon,LBN,2010,3.9665632
Lebanon,LBN,2011,3.976463
Lebanon,LBN,2012,4.265304
Lebanon,LBN,2013,3.8589656
Lebanon,LBN,2014,3.7800622
Lebanon,LBN,2015,3.9754894
Lebanon,LBN,2016,4.1811824
Lebanon,LBN,2017,4.516256
Lebanon,LBN,2018,4.313433
Lebanon,LBN,2019,4.3387065
Lebanon,LBN,2020,4.1550837
Lebanon,LBN,2021,3.405726
Lebanon,LBN,2022,2.6739883
Lebanon,LBN,2023,2.694868
Lesotho,LSO,2010,1.1398057
Lesotho,LSO,2011,1.3698964
Lesotho,LSO,2012,1.3724041
Lesotho,LSO,2013,1.0333629
Lesotho,LSO,2014,1.0780144
Lesotho,LSO,2015,0.97144276
Lesotho,LSO,2016,0.95107454
Lesotho,LSO,2017,1.0599036
Lesotho,LSO,2018,0.99167114
Lesotho,LSO,2019,0.9900399
Lesotho,LSO,2020,0.88825154
Lesotho,LSO,2021,1.3690085
Lesotho,LSO,2022,1.1160188
Lesotho,LSO,2023,1.0788054
Liberia,LBR,2010,0.17474402
Liberia,LBR,2011,0.19482812
Liberia,LBR,2012,0.20923974
Liberia,LBR,2013,0.19557425
Liberia,LBR,2014,0.16070946
Liberia,LBR,2015,0.14995185
Liberia,LBR,2016,0.13597633
Liberia,LBR,2017,0.13763127
Liberia,LBR,2018,0.123087056
Liberia,LBR,2019,0.18471727
Liberia,LBR,2020,0.15084057
Liberia,LBR,2021,0.14879413
Liberia,LBR,2022,0.16075158
Liberia,LBR,2023,0.15182881
Libya,LBY,2010,9.10271
Libya,LBY,2011,8.440869
Libya,LBY,2012,9.969773
Libya,LBY,2013,8.143835
Libya,LBY,2014,10.634143
Libya,LBY,2015,9.318403
Libya,LBY,2016,8.651652
Libya,LBY,2017,9.956155
Libya,LBY,2018,9.146443
Libya,LBY,2019,10.6139965
Libya,LBY,2020,5.1254168
Libya,LBY,2021,7.8922286
Libya,LBY,2022,8.163843
Libya,LBY,2023,8.79032
Liechtenstein,LIE,2010,5.296438
Liechtenstein,LIE,2011,4.869183
Liechtenstein,LIE,2012,5.058928
Liechtenstein,LIE,2013,5.2123747
Liechtenstein,LIE,2014,4.3340054
Liechtenstein,LIE,2015,4.26646
Liechtenstein,LIE,2016,3.9764316
Liechtenstein,LIE,2017,4.105302
Liechtenstein,LIE,2018,3.7364836
Liechtenstein,LIE,2019,3.8648832
Liechtenstein,LIE,2020,3.650272
Liechtenstein,LIE,2021,3.7272797
Liechtenstein,LIE,2022,3.2623925
Liechtenstein,LIE,2023,3.3118217
Lithuania,LTU,2010,4.4554987
Lithuania,LTU,2011,4.6092105
Lithuania,LTU,2012,4.7030005
Lithuania,LTU,2013,4.4444146
Lithuania,LTU,2014,4.379493
Lithuania,LTU,2015,4.4894176
Lithuania,LTU,2016,4.5664067
Lithuania,LTU,2017,4.6927924
Lithuania,LTU,2018,4.7866178
Lithuania,LTU,2019,4.8826694
Lithuania,LTU,2020,4.8285885
Lithuania,LTU,2021,4.9304504
Lithuania,LTU,2022,4.5777125
Lithuania,LTU,2023,4.3822517
Low-income countries,,2010,0.40235877
Low-income countries,,2011,0.35869727
Low-income countries,,2012,0.32297143
Low-income countries,,2013,0.29663208
Low-income countries,,2014,0.30229276
Low-income countries,,2015,0.25724825
Low-income countries,,2016,0.26178363
Low-income countries,,2017,0.322218
Low-income countries,,2018,0.31001645
Low-income countries,,2019,0.32463774
Low-income countries,,2020,0.30494767
Low-income countries,,2021,0.28585762
Low-income countries,,2022,0.28275815
Low-income countries,,2023,0.28402174
Lower-middle-income countries,,2010,1.1131028
Lower-middle-income countries,,2011,1.1566769
Lower-middle-income countries,,2012,1.1982186
Lower-middle-income countries,,2013,1.2158705
Lower-middle-income countries,,2014,1.2802596
Lower-middle-income countries,,2015,1.3131576
Lower-middle-income countries,,2016,1.3730755
Lower-middle-income countries,,2017,1.4074733
Lower-middle-income countries,,2018,1.4543233
Lower-middle-income countries,,2019,1.4780236
Lower-middle-income countries,,2020,1.4058461
Lower-middle-income countries,,2021,1.496584
Lower-middle-income countries,,2022,1.5195979
Lower-middle-income countries,,2023,1.5827204
Luxembourg,LUX,2010,22.053823
Luxembourg,LUX,2011,21.38425
Luxembourg,LUX,2012,20.450043
Luxembourg,LUX,2013,18.999275
Luxembourg,LUX,2014,17.62919
Luxembourg,LUX,2015,16.388624
Luxembourg,LUX,2016,15.556185
Luxembourg,LUX,2017,15.508656
Luxembourg,LUX,2018,15.714555
Luxembourg,LUX,2019,15.721521
Luxembourg,LUX,2020,12.795942
Luxembourg,LUX,2021,13.134188
Luxembourg,LUX,2022,11.134566
Luxembourg,LUX,2023,10.2852545
Macao,MAC,2010,2.193938
Macao,MAC,2011,2.246861
Macao,MAC,2012,1.9272721
Macao,MAC,2013,1.6522367
Macao,MAC,2014,2.1192448
Macao,MAC,2015,2.850239
Macao,MAC,2016,2.8072777
Macao,MAC,2017,2.980806
Macao,MAC,2018,1.8854574
Macao,MAC,2019,1.8074762
Macao,MAC,2020,1.5126553
Macao,MAC,2021,1.4826874
Macao,MAC,2022,1.4889758
Macao,MAC,2023,1.4607671
Madagascar,MDG,2010,0.08437475
Madagascar,MDG,2011,0.10208666
Madagascar,MDG,2012,0.1133812
Madagascar,MDG,2013,0.12696019
Madagascar,MDG,2014,0.11997098
Madagascar,MDG,2015,0.12275394
Madagascar,MDG,2016,0.1247817
Madagascar,MDG,2017,0.14199392
Madagascar,MDG,2018,0.13109523
Madagascar,MDG,2019,0.14693762
Madagascar,MDG,2020,0.13083282
Madagascar,MDG,2021,0.14300844
Madagascar,MDG,2022,0.13830549
Madagascar,MDG,2023,0.14254327
Malawi,MWI,2010,0.06556937
Malawi,MWI,2011,0.067726314
Malawi,MWI,2012,0.06624946
Malawi,MWI,2013,0.06931331
Malawi,MWI,2014,0.06107204
Malawi,MWI,2015,0.061449982
Malawi,MWI,2016,0.066776246
Malawi,MWI,2017,0.0661337
Malawi,MWI,2018,0.09121552
Malawi,MWI,2019,0.0891084
Malawi,MWI,2020,0.09563126
Malawi,MWI,2021,0.08392642
Malawi,MWI,2022,0.08757896
Malawi,MWI,2023,0.087780796
Malaysia,MYS,2010,6.956588
Malaysia,MYS,2011,6.9766316
Malaysia,MYS,2012,7.180488
Malaysia,MYS,2013,8.009178
Malaysia,MYS,2014,7.9832
Malaysia,MYS,2015,7.554295
Malaysia,MYS,2016,7.4644914
Malaysia,MYS,2017,7.5553155
Malaysia,MYS,2018,7.9805346
Malaysia,MYS,2019,8.303469
Malaysia,MYS,2020,7.735682
Malaysia,MYS,2021,7.9729576
Malaysia,MYS,2022,8.124508
Malaysia,MYS,2023,7.8658104
Maldives,MDV,2010,2.5794091
Maldives,MDV,2011,2.6375725
Maldives,MDV,2012,2.8700407
Maldives,MDV,2013,2.738313
Maldives,MDV,2014,3.1889908
Maldives,MDV,2015,2.995107
Maldives,MDV,2016,3.231609
Maldives,MDV,2017,3.301859
Maldives,MDV,2018,3.6709237
Maldives,MDV,2019,4.0866613
Maldives,MDV,2020,3.3420072
Maldives,MDV,2021,3.8687005
Maldives,MDV,2022,4.22769
Maldives,MDV,2023,4.1925783
Mali,MLI,2010,0.1309786
Mali,MLI,2011,0.13838123
Mali,MLI,2012,0.14369018
Mali,MLI,2013,0.15712795
Mali,MLI,2014,0.17421013
Mali,MLI,2015,0.18281606
Mali,MLI,2016,0.22333899
Mali,MLI,2017,0.24057674
Mali,MLI,2018,0.25429592
Mali,MLI,2019,0.26551783
Mali,MLI,2020,0.29152176
Mali,MLI,2021,0.33021975
Mali,MLI,2022,0.3042441
Mali,MLI,2023,0.28368795
Malta,MLT,2010,6.1971707
Malta,MLT,2011,6.1422067
Malta,MLT,2012,6.4438725
Malta,MLT,2013,5.6706905
Malta,MLT,2014,5.563529
Malta,MLT,2015,3.8147235
Malta,MLT,2016,3.0220766
Malta,MLT,2017,3.2853162
Malta,MLT,2018,3.194038
Malta,MLT,2019,3.272104
Malta,MLT,2020,3.089255
Malta,MLT,2021,3.072962
Malta,MLT,2022,3.3590784
Malta,MLT,2023,3.317301
Marshall Islands,MHL,2010,2.603872
Marshall Islands,MHL,2011,2.610742
Marshall Islands,MHL,2012,2.6355612
Marshall Islands,MHL,2013,2.74641
Marshall Islands,MHL,2014,2.7949815
Marshall Islands,MHL,2015,2.9268172
Marshall Islands,MHL,2016,2.9938405
Marshall Islands,MHL,2017,3.1488483
Marshall Islands,MHL,2018,3.2348201
Marshall Islands,MHL,2019,3.3286395
Marshall Islands,MHL,2020,3.4300692
Marshall Islands,MHL,2021,3.5412085
Marshall Islands,MHL,2022,3.7019005
Marshall Islands,MHL,2023,3.802466
Mauritania,MRT,2010,0.6173812
Mauritania,MRT,2011,0.635654
Mauritania,MRT,2012,0.6763049
Mauritania,MRT,2013,0.5807892
Mauritania,MRT,2014,0.66590583
Mauritania,MRT,2015,0.7570643
Mauritania,MRT,2016,0.6420559
Mauritania,MRT,2017,0.8505046
Mauritania,MRT,2018,1.0246092
Mauritania,MRT,2019,1.0325818
Mauritania,MRT,2020,1.0394301
Mauritania,MRT,2021,0.95032835
Mauritania,MRT,2022,1.0803561
Mauritania,MRT,2023,1.0028783
Mauritius,MUS,2010,3.0506911
Mauritius,MUS,2011,3.0450964
Mauritius,MUS,2012,3.0751846
Mauritius,MUS,2013,3.1503313
Mauritius,MUS,2014,3.2556133
Mauritius,MUS,2015,3.2577507
Mauritius,MUS,2016,3.3610594
Mauritius,MUS,2017,3.517361
Mauritius,MUS,2018,3.4569364
Mauritius,MUS,2019,3.5179577
Mauritius,MUS,2020,2.9609385
Mauritius,MUS,2021,3.1009886
Mauritius,MUS,2022,3.3826706
Mauritius,MUS,2023,3.602115
Mexico,MEX,2010,4.0168395
Mexico,MEX,2011,4.1937428
Mexico,MEX,2012,4.292929
Mexico,MEX,2013,4.1862144
Mexico,MEX,2014,4.040969
Mexico,MEX,2015,3.9598958
Mexico,MEX,2016,3.9167483
Mexico,MEX,2017,3.7634232
Mexico,MEX,2018,3.760188
Mexico,MEX,2019,3.7231612
Mexico,MEX,2020,3.382808
Mexico,MEX,2021,3.500541
Mexico,MEX,2022,3.5284045
Mexico,MEX,2023,3.5321004
Micronesia (country),FSM,2010,0.9538207
Micronesia (country),FSM,2011,1.0885323
Micronesia (country),FSM,2012,1.1884198
Micronesia (country),FSM,2013,1.2537153
Micronesia (country),FSM,2014,1.2843451
Micronesia (country),FSM,2015,1.3142642
Micronesia (country),FSM,2016,1.309915
Micronesia (country),FSM,2017,1.3050458
Micronesia (country),FSM,2018,1.2999408
Micronesia (country),FSM,2019,1.2956035
Micronesia (country),FSM,2020,1.2881637
Micronesia (country),FSM,2021,1.2800287
Micronesia (country),FSM,2022,1.2907457
Micronesia (country),FSM,2023,1.2786695
Moldova,MDA,2010,1.3300986
Moldova,MDA,2011,1.3901005
Moldova,MDA,2012,1.3684151
Moldova,MDA,2013,1.4372926
Moldova,MDA,2014,1.4225419
Moldova,MDA,2015,1.4556859
Moldova,MDA,2016,1.5156391
Moldova,MDA,2017,1.593989
Moldova,MDA,2018,1.6967708
Moldova,MDA,2019,1.727951
Moldova,MDA,2020,1.6659853
Moldova,MDA,2021,1.9049147
Moldova,MDA,2022,1.7018101
Moldova,MDA,2023,1.7375865
Mongolia,MNG,2010,5.097588
Mongolia,MNG,2011,7.7837563
Mongolia,MNG,2012,12.5189295
Mongolia,MNG,2013,15.24536
Mongolia,MNG,2014,10.171428
Mongolia,MNG,2015,7.820735
Mongolia,MNG,2016,8.42837
Mongolia,MNG,2017,10.997071
Mongolia,MNG,2018,14.306628
Mongolia,MNG,2019,14.578362
Mongolia,MNG,2020,12.9080105
Mongolia,MNG,2021,10.771015
Mongolia,MNG,2022,11.944179
Mongolia,MNG,2023,12.874261
Montenegro,MNE,2010,3.831593
Montenegro,MNE,2011,3.8047888
Montenegro,MNE,2012,3.493126
Montenegro,MNE,2013,3.3966699
Montenegro,MNE,2014,3.3368337
Montenegro,MNE,2015,3.5639925
Montenegro,MNE,2016,3.2282143
Montenegro,MNE,2017,3.3915422
Montenegro,MNE,2018,3.903202
Montenegro,MNE,2019,4.0493402
Montenegro,MNE,2020,3.9536924
Montenegro,MNE,2021,3.9925413
Montenegro,MNE,2022,4.0595264
Montenegro,MNE,2023,3.7989702
Montserrat,MSR,2010,12.165179
Montserrat,MSR,2011,7.560875
Montserrat,MSR,2012,8.358357
Montserrat,MSR,2013,10.744868
Montserrat,MSR,2014,9.279865
Montserrat,MSR,2015,10.930322
Montserrat,MSR,2016,6.2833867
Montserrat,MSR,2017,5.546713
Montserrat,MSR,2018,6.379108
Montserrat,MSR,2019,5.619632
Montserrat,MSR,2020,4.8508387
Montserrat,MSR,2021,4.8799114
Montserrat,MSR,2022,5.7301164
Montserrat,MSR,2023,5.764865
Morocco,MAR,2010,1.6744752
Morocco,MAR,2011,1.6670716
Morocco,MAR,2012,1.7074838
Morocco,MAR,2013,1.6753621
Morocco,MAR,2014,1.6715473
Morocco,MAR,2015,1.6903471
Morocco,MAR,2016,1.6690949
Morocco,MAR,2017,1.7238358
Morocco,MAR,2018,1.7387096
Morocco,MAR,2019,1.8984194
Morocco,MAR,2020,1.764199
Morocco,MAR,2021,1.9016743
Morocco,MAR,2022,1.8693061
Morocco,MAR,2023,1.8286018
Mozambique,MOZ,2010,0.114683606
Mozambique,MOZ,2011,0.13136378
Mozambique,MOZ,2012,0.12539078
Mozambique,MOZ,2013,0.14285164
Mozambique,MOZ,2014,0.31480834
Mozambique,MOZ,2015,0.25352782
Mozambique,MOZ,2016,0.31267935
Mozambique,MOZ,2017,0.24516313
Mozambique,MOZ,2018,0.24157281
Mozambique,MOZ,2019,0.2374965
Mozambique,MOZ,2020,0.20596471
Mozambique,MOZ,2021,0.24353753
Mozambique,MOZ,2022,0.28465265
Mozambique,MOZ,2023,0.27035564
Myanmar,MMR,2010,0.26772776
Myanmar,MMR,2011,0.3059909
Myanmar,MMR,2012,0.23728523
Myanmar,MMR,2013,0.25296757
Myanmar,MMR,2014,0.31272367
Myanmar,MMR,2015,0.42826813
Myanmar,MMR,2016,0.41059896
Myanmar,MMR,2017,0.45540875
Myanmar,MMR,2018,0.65076286
Myanmar,MMR,2019,0.63861066
Myanmar,MMR,2020,0.65239656
Myanmar,MMR,2021,0.54853755
Myanmar,MMR,2022,0.58855194
Myanmar,MMR,2023,0.5873035
Namibia,NAM,2010,1.321587
Namibia,NAM,2011,1.2978189
Namibia,NAM,2012,1.4553826
Namibia,NAM,2013,1.3335127
Namibia,NAM,2014,1.3403752
Namibia,NAM,2015,1.4293277
Namibia,NAM,2016,1.4685864
Namibia,NAM,2017,1.4319179
Namibia,NAM,2018,1.4103903
Namibia,NAM,2019,1.4073112
Namibia,NAM,2020,1.2608001
Namibia,NAM,2021,1.2836621
Namibia,NAM,2022,1.181398
Namibia,NAM,2023,1.1618446
Nauru,NRU,2010,4.3675375
Nauru,NRU,2011,3.9841835
Nauru,NRU,2012,3.9171932
Nauru,NRU,2013,4.5195937
Nauru,NRU,2014,4.7646294
Nauru,NRU,2015,5.007745
Nauru,NRU,2016,4.591068
Nauru,NRU,2017,4.841864
Nauru,NRU,2018,4.7795463
Nauru,NRU,2019,4.4186406
Nauru,NRU,2020,4.71153
Nauru,NRU,2021,4.6866207
Nauru,NRU,2022,4.9893417
Nauru,NRU,2023,4.933193
Nepal,NPL,2010,0.17657728
Nepal,NPL,2011,0.18994576
Nepal,NPL,2012,0.19866605
Nepal,NPL,2013,0.22536574
Nepal,NPL,2014,0.27419657
Nepal,NPL,2015,0.2481578
Nepal,NPL,2016,0.3608613
Nepal,NPL,2017,0.44344956
Nepal,NPL,2018,0.49996966
Nepal,NPL,2019,0.44873866
Nepal,NPL,2020,0.539615
Nepal,NPL,2021,0.52540195
Nepal,NPL,2022,0.5925866
Nepal,NPL,2023,0.61788374
Netherlands,NLD,2010,10.880462
Netherlands,NLD,2011,10.049582
Netherlands,NLD,2012,9.798995
Netherlands,NLD,2013,9.720324
Netherlands,NLD,2014,9.248505
Netherlands,NLD,2015,9.584029
Netherlands,NLD,2016,9.579465
Netherlands,NLD,2017,9.372927
Netherlands,NLD,2018,9.084534
Netherlands,NLD,2019,8.708599
Netherlands,NLD,2020,7.7664127
Netherlands,NLD,2021,7.889522
Netherlands,NLD,2022,7.1213217
Netherlands,NLD,2023,6.4676642
New Caledonia,NCL,2010,13.982816
New Caledonia,NCL,2011,13.860168
New Caledonia,NCL,2012,13.641444
New Caledonia,NCL,2013,14.341293
New Caledonia,NCL,2014,17.811096
New Caledonia,NCL,2015,17.222
New Caledonia,NCL,2016,19.340572
New Caledonia,NCL,2017,19.69207
New Caledonia,NCL,2018,20.85342
New Caledonia,NCL,2019,20.001928
New Caledonia,NCL,2020,17.978209
New Caledonia,NCL,2021,15.905857
New Caledonia,NCL,2022,17.816309
New Caledonia,NCL,2023,17.483173
New Zealand,NZL,2010,8.001102
New Zealand,NZL,2011,7.8127985
New Zealand,NZL,2012,8.141623
New Zealand,NZL,2013,7.9075756
New Zealand,NZL,2014,7.8265586
New Zealand,NZL,2015,7.76004
New Zealand,NZL,2016,7.2400074
New Zealand,NZL,2017,7.4097495
New Zealand,NZL,2018,7.281771
New Zealand,NZL,2019,7.357706
New Zealand,NZL,2020,6.727745
New Zealand,NZL,2021,6.773412
New Zealand,NZL,2022,6.229061
New Zealand,NZL,2023,6.1010647
Nicaragua,NIC,2010,0.7761396
Nicaragua,NIC,2011,0.8229098
Nicaragua,NIC,2012,0.7682788
Nicaragua,NIC,2013,0.7663428
Nicaragua,NIC,2014,0.7780093
Nicaragua,NIC,2015,0.8794708
Nicaragua,NIC,2016,0.8629591
Nicaragua,NIC,2017,0.8614027
Nicaragua,NIC,2018,0.8090502
Nicaragua,NIC,2019,0.8032668
Nicaragua,NIC,2020,0.7069047
Nicaragua,NIC,2021,0.772426
Nicaragua,NIC,2022,0.7623672
Nicaragua,NIC,2023,0.79551613
Niger,NER,2010,0.07009443
Niger,NER,2011,0.07644417
Niger,NER,2012,0.10382003
Niger,NER,2013,0.112223126
Niger,NER,2014,0.1174162
Niger,NER,2015,0.110272095
Niger,NER,2016,0.10352625
Niger,NER,2017,0.10461656
Niger,NER,2018,0.0812783
Niger,NER,2019,0.10952548
Niger,NER,2020,0.1281763
Niger,NER,2021,0.10563177
Niger,NER,2022,0.12645128
Niger,NER,2023,0.11977888
Nigeria,NGA,2010,0.67239475
Nigeria,NGA,2011,0.73588383
Nigeria,NGA,2012,0.62499523
Nigeria,NGA,2013,0.648446
Nigeria,NGA,2014,0.6668816
Nigeria,NGA,2015,0.57965857
Nigeria,NGA,2016,0.5955475
Nigeria,NGA,2017,0.5619865
Nigeria,NGA,2018,0.52106166
Nigeria,NGA,2019,0.61034876
Nigeria,NGA,2020,0.58365196
Nigeria,NGA,2021,0.6762326
Nigeria,NGA,2022,0.58902264
Nigeria,NGA,2023,0.5677305
Niue,NIU,2010,2.0515118
Niue,NIU,2011,2.0630631
Niue,NIU,2012,2.0538116
Niue,NIU,2013,4.1030235
Niue,NIU,2014,4.089286
Niue,NIU,2015,4.0643373
Niue,NIU,2016,4.0575857
Niue,NIU,2017,4.0643373
Niue,NIU,2018,4.059834
Niue,NIU,2019,4.0396914
Niue,NIU,2020,4.021954
Niue,NIU,2021,3.9912853
Niue,NIU,2022,3.9739697
Niue,NIU,2023,3.961434
North America,,2010,12.715312
North America,,2011,12.401896
North America,,2012,11.919599
North America,,2013,12.050421
North America,,2014,12.008157
North America,,2015,11.604535
North America,,2016,11.248586
North America,,2017,11.042576
North America,,2018,11.245828
North America,,2019,10.953225
North America,,2020,9.761333
North America,,2021,10.352162
North America,,2022,10.390202
North America,,2023,10.096913
North America (excl. USA),,2010,5.1913176
North America (excl. USA),,2011,5.2796664
North America (excl. USA),,2012,5.280852
North America (excl. USA),,2013,5.221093
North America (excl. USA),,2014,5.110083
North America (excl. USA),,2015,5.0590816
North America (excl. USA),,2016,4.9405704
North America (excl. USA),,2017,4.862854
North America (excl. USA),,2018,4.8656673
North America (excl. USA),,2019,4.86509
North America (excl. USA),,2020,4.3538923
North America (excl. USA),,2021,4.509515
North America (excl. USA),,2022,4.5645666
North America (excl. USA),,2023,4.5428267
North Korea,PRK,2010,2.61554
North Korea,PRK,2011,1.9072018
North Korea,PRK,2012,1.8544798
North Korea,PRK,2013,1.4269675
North Korea,PRK,2014,1.5647378
North Korea,PRK,2015,1.2229646
North Korea,PRK,2016,1.3322432
North Korea,PRK,2017,2.700004
North Korea,PRK,2018,2.4144042
North Korea,PRK,2019,2.6696818
North Korea,PRK,2020,2.5090284
North Korea,PRK,2021,2.0573611
North Korea,PRK,2022,2.13794
North Korea,PRK,2023,2.3478134
North Macedonia,MKD,2010,3.9882076
North Macedonia,MKD,2011,4.3240137
North Macedonia,MKD,2012,4.1713424
North Macedonia,MKD,2013,3.701642
North Macedonia,MKD,2014,3.5872626
North Macedonia,MKD,2015,3.393199
North Macedonia,MKD,2016,3.368327
North Macedonia,MKD,2017,3.6529996
North Macedonia,MKD,2018,3.4660208
North Macedonia,MKD,2019,4.0179386
North Macedonia,MKD,2020,3.7285478
North Macedonia,MKD,2021,3.5212708
North Macedonia,MKD,2022,3.9952326
North Macedonia,MKD,2023,4.006106
Norway,NOR,2010,9.338823
Norway,NOR,2011,9.040032
Norway,NOR,2012,8.819053
Norway,NOR,2013,8.7673025
Norway,NOR,2014,8.754434
Norway,NOR,2015,8.7716675
Norway,NOR,2016,8.538622
Norway,NOR,2017,8.375709
Norway,NOR,2018,8.37238
Norway,NOR,2019,8.015733
Norway,NOR,2020,7.672967
Norway,NOR,2021,7.591971
Norway,NOR,2022,7.4829626
Norway,NOR,2023,7.042548
Oceania,,2010,12.212045
Oceania,,2011,11.9738455
Oceania,,2012,11.815823
Oceania,,2013,11.422256
Oceania,,2014,11.166204
Oceania,,2015,11.188197
Oceania,,2016,11.199582
Oceania,,2017,11.119262
Oceania,,2018,10.996687
Oceania,,2019,10.84414
Oceania,,2020,10.258111
Oceania,,2021,9.912678
Oceania,,2022,9.678767
Oceania,,2023,9.562097
Oman,OMN,2010,18.650982
Oman,OMN,2011,18.625143
Oman,OMN,2012,17.790545
Oman,OMN,2013,17.107052
Oman,OMN,2014,16.537405
Oman,OMN,2015,16.220999
Oman,OMN,2016,15.0857725
Oman,OMN,2017,14.621537
Oman,OMN,2018,15.37186
Oman,OMN,2019,15.689613
Oman,OMN,2020,15.886151
Oman,OMN,2021,16.674276
Oman,OMN,2022,16.488375
Oman,OMN,2023,15.806381
Pakistan,PAK,2010,0.7403367
Pakistan,PAK,2011,0.7336991
Pakistan,PAK,2012,0.7249827
Pakistan,PAK,2013,0.7020431
Pakistan,PAK,2014,0.7038469
Pakistan,PAK,2015,0.66682756
Pakistan,PAK,2016,0.80286133
Pakistan,PAK,2017,0.9494198
Pakistan,PAK,2018,0.8967553
Pakistan,PAK,2019,0.8267986
Pakistan,PAK,2020,0.91705513
Pakistan,PAK,2021,1.0170143
Pakistan,PAK,2022,0.8697954
Pakistan,PAK,2023,0.7549797
Palau,PLW,2010,11.338111
Palau,PLW,2011,11.741643
Palau,PLW,2012,12.562757
Palau,PLW,2013,12.85614
Palau,PLW,2014,12.392334
Palau,PLW,2015,11.327076
Palau,PLW,2016,11.717236
Palau,PLW,2017,12.118848
Palau,PLW,2018,11.910105
Palau,PLW,2019,12.130408
Palau,PLW,2020,11.721839
Palau,PLW,2021,11.932843
Palau,PLW,2022,12.215194
Palau,PLW,2023,12.180102
Palestine,PSE,2010,0.5062389
Palestine,PSE,2011,0.5456948
Palestine,PSE,2012,0.5206573
Palestine,PSE,2013,0.56463766
Palestine,PSE,2014,0.6422121
Palestine,PSE,2015,0.6636677
Palestine,PSE,2016,0.69835776
Palestine,PSE,2017,0.6883403
Palestine,PSE,2018,0.60958487
Palestine,PSE,2019,0.65848595
Palestine,PSE,2020,0.6562355
Palestine,PSE,2021,0.7009545
Palestine,PSE,2022,0.8862943
Palestine,PSE,2023,0.8791239
Panama,PAN,2010,2.4967968
Panama,PAN,2011,2.6802132
Panama,PAN,2012,2.5378184
Panama,PAN,2013,2.685683
Panama,PAN,2014,2.746235
Panama,PAN,2015,2.689891
Panama,PAN,2016,2.564798
Panama,PAN,2017,2.334379
Panama,PAN,2018,2.1884246
Panama,PAN,2019,2.9397075
Panama,PAN,2020,1.5273576
Panama,PAN,2021,2.334559
Panama,PAN,2022,2.6602929
Panama,PAN,2023,2.9160857
Papua New Guinea,PNG,2010,0.6176331
Papua New Guinea,PNG,2011,0.6741552
Papua New Guinea,PNG,2012,0.54105073
Papua New Guinea,PNG,2013,0.54584146
Papua New Guinea,PNG,2014,0.71859366
Papua New Guinea,PNG,2015,0.7224157
Papua New Guinea,PNG,2016,0.7837863
Papua New Guinea,PNG,2017,0.7136226
Papua New Guinea,PNG,2018,0.8085464
Papua New Guinea,PNG,2019,0.78912693
Papua New Guinea,PNG,2020,0.8059286
Papua New Guinea,PNG,2021,0.78629434
Papua New Guinea,PNG,2022,0.82680374
Papua New Guinea,PNG,2023,0.8044313
Paraguay,PRY,2010,0.873277
Paraguay,PRY,2011,0.89283776
Paraguay,PRY,2012,0.87487036
Paraguay,PRY,2013,0.86403793
Paraguay,PRY,2014,0.8980856
Paraguay,PRY,2015,0.9815504
Paraguay,PRY,2016,1.1500028
Paraguay,PRY,2017,1.2525467
Paraguay,PRY,2018,1.3230258
Paraguay,PRY,2019,1.2691232
Paraguay,PRY,2020,1.1272037
Paraguay,PRY,2021,1.2248267
Paraguay,PRY,2022,1.1143297
Paraguay,PRY,2023,1.1171128
Peru,PER,2010,1.4613583
Peru,PER,2011,1.4443991
Peru,PER,2012,1.5400378
Peru,PER,2013,1.4326204
Peru,PER,2014,1.6399359
Peru,PER,2015,1.6154937
Peru,PER,2016,1.7072773
Peru,PER,2017,1.7470704
Peru,PER,2018,1.7560439
Peru,PER,2019,1.8079982
Peru,PER,2020,1.4384526
Peru,PER,2021,1.8084831
Peru,PER,2022,1.9352938
Peru,PER,2023,1.9519441
Philippines,PHL,2010,0.8537299
Philippines,PHL,2011,0.844595
Philippines,PHL,2012,0.8732301
Philippines,PHL,2013,0.92896587
Philippines,PHL,2014,0.9644077
Philippines,PHL,2015,1.0544406
Philippines,PHL,2016,1.1262923
Philippines,PHL,2017,1.235442
Philippines,PHL,2018,1.2776358
Philippines,PHL,2019,1.2869601
Philippines,PHL,2020,1.1728759
Philippines,PHL,2021,1.2402151
Philippines,PHL,2022,1.3246514
Philippines,PHL,2023,1.4011557
Poland,POL,2010,8.768195
Poland,POL,2011,8.725933
Poland,POL,2012,8.517539
Poland,POL,2013,8.409914
Poland,POL,2014,8.086096
Poland,POL,2015,8.167728
Poland,POL,2016,8.449371
Poland,POL,2017,8.796377
Poland,POL,2018,8.779007
Poland,POL,2019,8.304427
Poland,POL,2020,7.914448
Poland,POL,2021,8.693247
Poland,POL,2022,8.20336
Poland,POL,2023,7.307086
Portugal,PRT,2010,4.9996824
Portugal,PRT,2011,4.9051266
Portugal,PRT,2012,4.7494764
Portugal,PRT,2013,4.603641
Portugal,PRT,2014,4.607092
Portugal,PRT,2015,5.03681
Portugal,PRT,2016,4.8626604
Portugal,PRT,2017,5.339853
Portugal,PRT,2018,4.972253
Portugal,PRT,2019,4.6004105
Portugal,PRT,2020,4.024692
Portugal,PRT,2021,3.8783576
Portugal,PRT,2022,3.9092069
Portugal,PRT,2023,3.6068447
Qatar,QAT,2010,43.09007
Qatar,QAT,2011,45.174625
Qatar,QAT,2012,49.15157
Qatar,QAT,2013,44.982407
Qatar,QAT,2014,41.3102
Qatar,QAT,2015,38.44141
Qatar,QAT,2016,35.153873
Qatar,QAT,2017,39.034973
Qatar,QAT,2018,37.166264
Qatar,QAT,2019,36.251686
Qatar,QAT,2020,36.145443
Qatar,QAT,2021,37.082108
Qatar,QAT,2022,37.88961
Qatar,QAT,2023,40.127865
Romania,ROU,2010,4.134961
Romania,ROU,2011,4.5553036
Romania,ROU,2012,4.457074
Romania,ROU,2013,3.927419
Romania,ROU,2014,3.973089
Romania,ROU,2015,3.9276292
Romania,ROU,2016,3.8725147
Romania,ROU,2017,4.0342684
Romania,ROU,2018,4.075668
Romania,ROU,2019,3.9325275
Romania,ROU,2020,3.81315
Romania,ROU,2021,4.026425
Romania,ROU,2022,3.8183794
Romania,ROU,2023,3.54976
Russia,RUS,2010,11.346466
Russia,RUS,2011,11.697759
Russia,RUS,2012,11.782466
Russia,RUS,2013,11.324347
Russia,RUS,2014,11.297595
Russia,RUS,2015,11.253667
Russia,RUS,2016,11.176727
Russia,RUS,2017,11.362259
Russia,RUS,2018,11.677306
Russia,RUS,2019,11.631905
Russia,RUS,2020,11.149055
Russia,RUS,2021,11.482229
Russia,RUS,2022,11.508876
Russia,RUS,2023,11.9164505
Rwanda,RWA,2010,0.056309536
Rwanda,RWA,2011,0.060844686
Rwanda,RWA,2012,0.06634094
Rwanda,RWA,2013,0.07020843
Rwanda,RWA,2014,0.07301555
Rwanda,RWA,2015,0.08305669
Rwanda,RWA,2016,0.08826083
Rwanda,RWA,2017,0.09586281
Rwanda,RWA,2018,0.105146945
Rwanda,RWA,2019,0.11063562
Rwanda,RWA,2020,0.10671424
Rwanda,RWA,2021,0.12721947
Rwanda,RWA,2022,0.14337575
Rwanda,RWA,2023,0.14447089
Saint Helena,SHN,2010,2.0538116
Saint Helena,SHN,2011,2.0412257
Saint Helena,SHN,2012,2.0250552
Saint Helena,SHN,2013,2.0124497
Saint Helena,SHN,2014,2.0010922
Saint Helena,SHN,2015,1.988063
Saint Helena,SHN,2016,2.6435785
Saint Helena,SHN,2017,1.9884226
Saint Helena,SHN,2018,1.996005
Saint Helena,SHN,2019,2.6720145
Saint Helena,SHN,2020,2.0165107
Saint Helena,SHN,2021,1.3532779
Saint Helena,SHN,2022,2.0473087
Saint Helena,SHN,2023,2.0635817
Saint Kitts and Nevis,KNA,2010,4.69032
Saint Kitts and Nevis,KNA,2011,4.8419123
Saint Kitts and Nevis,KNA,2012,4.749745
Saint Kitts and Nevis,KNA,2013,4.746114
Saint Kitts and Nevis,KNA,2014,4.8218713
Saint Kitts and Nevis,KNA,2015,4.900059
Saint Kitts and Nevis,KNA,2016,5.056583
Saint Kitts and Nevis,KNA,2017,5.1369944
Saint Kitts and Nevis,KNA,2018,5.2974997
Saint Kitts and Nevis,KNA,2019,5.5378065
Saint Kitts and Nevis,KNA,2020,5.156602
Saint Kitts and Nevis,KNA,2021,5.012098
Saint Kitts and Nevis,KNA,2022,5.3636484
Saint Kitts and Nevis,KNA,2023,5.346964
Saint Lucia,LCA,2010,2.829658
Saint Lucia,LCA,2011,2.814951
Saint Lucia,LCA,2012,2.8234422
Saint Lucia,LCA,2013,2.8106587
Saint Lucia,LCA,2014,2.7983117
Saint Lucia,LCA,2015,2.7440357
Saint Lucia,LCA,2016,2.6908813
Saint Lucia,LCA,2017,2.8048449
Saint Lucia,LCA,2018,2.8768585
Saint Lucia,LCA,2019,2.8252034
Saint Lucia,LCA,2020,2.7336996
Saint Lucia,LCA,2021,2.8320374
Saint Lucia,LCA,2022,2.8977146
Saint Lucia,LCA,2023,2.8838367
Saint Pierre and Miquelon,SPM,2010,10.300645
Saint Pierre and Miquelon,SPM,2011,10.926441
Saint Pierre and Miquelon,SPM,2012,10.957302
Saint Pierre and Miquelon,SPM,2013,10.993833
Saint Pierre and Miquelon,SPM,2014,11.02139
Saint Pierre and Miquelon,SPM,2015,11.045386
Saint Pierre and Miquelon,SPM,2016,11.071344
Saint Pierre and Miquelon,SPM,2017,11.091826
Saint Pierre and Miquelon,SPM,2018,9.88267
Saint Pierre and Miquelon,SPM,2019,11.1802
Saint Pierre and Miquelon,SPM,2020,10.643883
Saint Pierre and Miquelon,SPM,2021,9.472595
Saint Pierre and Miquelon,SPM,2022,9.267882
Saint Pierre and Miquelon,SPM,2023,9.335027
Saint Vincent and the Grenadines,VCT,2010,2.0323348
Saint Vincent and the Grenadines,VCT,2011,1.9766109
Saint Vincent and the Grenadines,VCT,2012,2.1225345
Saint Vincent and the Grenadines,VCT,2013,1.9987426
Saint Vincent and the Grenadines,VCT,2014,2.3846405
Saint Vincent and the Grenadines,VCT,2015,2.1920636
Saint Vincent and the Grenadines,VCT,2016,2.2735298
Saint Vincent and the Grenadines,VCT,2017,2.011015
Saint Vincent and the Grenadines,VCT,2018,2.3044245
Saint Vincent and the Grenadines,VCT,2019,2.1101332
Saint Vincent and the Grenadines,VCT,2020,2.3001738
Saint Vincent and the Grenadines,VCT,2021,2.280025
Saint Vincent and the Grenadines,VCT,2022,2.417115
Saint Vincent and the Grenadines,VCT,2023,2.4296513
Samoa,WSM,2010,0.9680317
Samoa,WSM,2011,0.9784415
Samoa,WSM,2012,0.9695193
Samoa,WSM,2013,0.9608844
Samoa,WSM,2014,1.0073432
Samoa,WSM,2015,1.1257421
Samoa,WSM,2016,1.1702677
Samoa,WSM,2017,1.1415275
Samoa,WSM,2018,1.1295841
Samoa,WSM,2019,1.2399974
Samoa,WSM,2020,1.1063375
Samoa,WSM,2021,1.2510852
Samoa,WSM,2022,1.0961072
Samoa,WSM,2023,1.0838683
Sao Tome and Principe,STP,2010,0.5844343
Sao Tome and Principe,STP,2011,0.53283066
Sao Tome and Principe,STP,2012,0.5801997
Sao Tome and Principe,STP,2013,0.56906784
Sao Tome and Principe,STP,2014,0.6516923
Sao Tome and Principe,STP,2015,0.67679775
Sao Tome and Principe,STP,2016,0.71948236
Sao Tome and Principe,STP,2017,0.67266387
Sao Tome and Principe,STP,2018,0.662385
Sao Tome and Principe,STP,2019,0.6867693
Sao Tome and Principe,STP,2020,0.6571442
Sao Tome and Principe,STP,2021,0.64374816
Sao Tome and Principe,STP,2022,0.59902877
Sao Tome and Principe,STP,2023,0.6056687
Saudi Arabia,SAU,2010,22.086767
Saudi Arabia,SAU,2011,20.694223
Saudi Arabia,SAU,2012,22.38202
Saudi Arabia,SAU,2013,20.807848
Saudi Arabia,SAU,2014,20.177479
Saudi Arabia,SAU,2015,20.835636
Saudi Arabia,SAU,2016,20.873049
Saudi Arabia,SAU,2017,20.936852
Saudi Arabia,SAU,2018,21.47873
Saudi Arabia,SAU,2019,23.244812
Saudi Arabia,SAU,2020,21.088715
Saudi Arabia,SAU,2021,22.196955
Saudi Arabia,SAU,2022,20.729954
Saudi Arabia,SAU,2023,20.36544
Senegal,SEN,2010,0.54310757
Senegal,SEN,2011,0.6033564
Senegal,SEN,2012,0.5531069
Senegal,SEN,2013,0.57273364
Senegal,SEN,2014,0.61647093
Senegal,SEN,2015,0.67465156
Senegal,SEN,2016,0.6659878
Senegal,SEN,2017,0.695133
Senegal,SEN,2018,0.71195424
Senegal,SEN,2019,0.77731997
Senegal,SEN,2020,0.6444607
Senegal,SEN,2021,0.7153539
Senegal,SEN,2022,0.8006707
Senegal,SEN,2023,0.77896833
Serbia,SRB,2010,6.1783648
Serbia,SRB,2011,6.6472673
Serbia,SRB,2012,5.974852
Serbia,SRB,2013,6.1262984
Serbia,SRB,2014,5.165351
Serbia,SRB,2015,6.116124
Serbia,SRB,2016,6.3418617
Serbia,SRB,2017,6.4568405
Serbia,SRB,2018,6.335893
Serbia,SRB,2019,6.3800635
Serbia,SRB,2020,6.5659204
Serbia,SRB,2021,6.4203916
Serbia,SRB,2022,6.547047
Serbia,SRB,2023,6.334863
Seychelles,SYC,2010,4.6285515
Seychelles,SYC,2011,4.153296
Seychelles,SYC,2012,4.195209
Seychelles,SYC,2013,4.054844
Seychelles,SYC,2014,4.3759494
Seychelles,SYC,2015,4.6463213
Seychelles,SYC,2016,5.037183
Seychelles,SYC,2017,5.1159077
Seychelles,SYC,2018,5.1909294
Seychelles,SYC,2019,5.0135474
Seychelles,SYC,2020,4.9645634
Seychelles,SYC,2021,4.974699
Seychelles,SYC,2022,5.0101247
Seychelles,SYC,2023,5.0117536
Sierra Leone,SLE,2010,0.08773277
Sierra Leone,SLE,2011,0.11186021
Sierra Leone,SLE,2012,0.12696049
Sierra Leone,SLE,2013,0.15662184
Sierra Leone,SLE,2014,0.16411413
Sierra Leone,SLE,2015,0.15404907
Sierra Leone,SLE,2016,0.15814717
Sierra Leone,SLE,2017,0.1484607
Sierra Leone,SLE,2018,0.13725628
Sierra Leone,SLE,2019,0.14453192
Sierra Leone,SLE,2020,0.15003191
Sierra Leone,SLE,2021,0.18328422
Sierra Leone,SLE,2022,0.17441697
Sierra Leone,SLE,2023,0.1631619
Singapore,SGP,2010,8.745288
Singapore,SGP,2011,9.069433
Singapore,SGP,2012,8.709049
Singapore,SGP,2013,8.726994
Singapore,SGP,2014,8.721305
Singapore,SGP,2015,8.940621
Singapore,SGP,2016,8.802539
Singapore,SGP,2017,8.939904
Singapore,SGP,2018,8.927358
Singapore,SGP,2019,8.642643
Singapore,SGP,2020,8.309385
Singapore,SGP,2021,9.033064
Singapore,SGP,2022,8.6610365
Singapore,SGP,2023,8.821352
Sint Maarten (Dutch part),SXM,2010,13.27808
Sint Maarten (Dutch part),SXM,2011,16.70497
Sint Maarten (Dutch part),SXM,2012,19.972147
Sint Maarten (Dutch part),SXM,2013,19.91804
Sint Maarten (Dutch part),SXM,2014,19.770323
Sint Maarten (Dutch part),SXM,2015,19.839745
Sint Maarten (Dutch part),SXM,2016,19.52908
Sint Maarten (Dutch part),SXM,2017,18.032606
Sint Maarten (Dutch part),SXM,2018,17.243004
Sint Maarten (Dutch part),SXM,2019,17.046078
Sint Maarten (Dutch part),SXM,2020,15.896653
Sint Maarten (Dutch part),SXM,2021,16.385065
Sint Maarten (Dutch part),SXM,2022,16.42426
Sint Maarten (Dutch part),SXM,2023,16.156517
Slovakia,SVK,2010,7.133786
Slovakia,SVK,2011,7.0478635
Slovakia,SVK,2012,6.653511
Slovakia,SVK,2013,6.5839057
Slovakia,SVK,2014,6.224689
Slovakia,SVK,2015,6.3701262
Slovakia,SVK,2016,6.444788
Slovakia,SVK,2017,6.6567197
Slovakia,SVK,2018,6.647537
Slovakia,SVK,2019,6.2108803
Slovakia,SVK,2020,5.7151237
Slovakia,SVK,2021,6.47673
Slovakia,SVK,2022,5.771668
Slovakia,SVK,2023,5.5755577
Slovenia,SVN,2010,8.053124
Slovenia,SVN,2011,7.9871964
Slovenia,SVN,2012,7.677851
Slovenia,SVN,2013,7.3606315
Slovenia,SVN,2014,6.5917087
Slovenia,SVN,2015,6.6305976
Slovenia,SVN,2016,7.0186086
Slovenia,SVN,2017,7.097131
Slovenia,SVN,2018,7.03719
Slovenia,SVN,2019,6.7451043
Slovenia,SVN,2020,6.1229367
Slovenia,SVN,2021,6.186983
Slovenia,SVN,2022,6.017234
Slovenia,SVN,2023,5.6704106
Solomon Islands,SLB,2010,0.62558913
Solomon Islands,SLB,2011,0.6294872
Solomon Islands,SLB,2012,0.6004222
Solomon Islands,SLB,2013,0.6343234
Solomon Islands,SLB,2014,0.5345307
Solomon Islands,SLB,2015,0.46414346
Solomon Islands,SLB,2016,0.44252077
Solomon Islands,SLB,2017,0.4221463
Solomon Islands,SLB,2018,0.4133638
Solomon Islands,SLB,2019,0.407583
Solomon Islands,SLB,2020,0.39371127
Solomon Islands,SLB,2021,0.37956762
Solomon Islands,SLB,2022,0.36244535
Solomon Islands,SLB,2023,0.35219383
Somalia,SOM,2010,0.063348815
Somalia,SOM,2011,0.06557253
Somalia,SOM,2012,0.06674562
Somalia,SOM,2013,0.06662026
Somalia,SOM,2014,0.06647087
Somalia,SOM,2015,0.06687406
Somalia,SOM,2016,0.06664724
Somalia,SOM,2017,0.066566244
Somalia,SOM,2018,0.066866115
Somalia,SOM,2019,0.06673882
Somalia,SOM,2020,0.06843375
Somalia,SOM,2021,0.06682479
Somalia,SOM,2022,0.07141981
Somalia,SOM,2023,0.07061636
South Africa,ZAF,2010,8.928475
South Africa,ZAF,2011,8.949351
South Africa,ZAF,2012,8.579701
South Africa,ZAF,2013,8.343052
South Africa,ZAF,2014,8.663356
South Africa,ZAF,2015,8.064963
South Africa,ZAF,2016,7.9820704
South Africa,ZAF,2017,7.6344075
South Africa,ZAF,2018,7.7417293
South Africa,ZAF,2019,7.899718
South Africa,ZAF,2020,7.1875925
South Africa,ZAF,2021,7.14546
South Africa,ZAF,2022,6.8738866
South Africa,ZAF,2023,6.9069405
South America,,2010,2.7457771
South America,,2011,2.7603357
South America,,2012,2.8695872
South America,,2013,3.0007956
South America,,2014,3.0108438
South America,,2015,2.8996654
South America,,2016,2.7654984
South America,,2017,2.7012587
South America,,2018,2.5753226
South America,,2019,2.5866785
South America,,2020,2.3102164
South America,,2021,2.5944958
South America,,2022,2.5570683
South America,,2023,2.5591495
South Korea,KOR,2010,12.18674
South Korea,KOR,2011,12.690266
South Korea,KOR,2012,12.660249
South Korea,KOR,2013,12.673574
South Korea,KOR,2014,12.453072
South Korea,KOR,2015,12.438773
South Korea,KOR,2016,12.435496
South Korea,KOR,2017,12.712852
South Korea,KOR,2018,12.977481
South Korea,KOR,2019,12.480763
South Korea,KOR,2020,11.524331
South Korea,KOR,2021,11.882237
South Korea,KOR,2022,11.719733
South Korea,KOR,2023,11.385368
South Sudan,SSD,2010,0.13026564
South Sudan,SSD,2011,0.12039041
South Sudan,SSD,2012,0.12365207
South Sudan,SSD,2013,0.12928352
South Sudan,SSD,2014,0.13338377
South Sudan,SSD,2015,0.17218961
South Sudan,SSD,2016,0.157317
South Sudan,SSD,2017,0.14178641
South Sudan,SSD,2018,0.17156366
South Sudan,SSD,2019,0.16978289
South Sudan,SSD,2020,0.15959515
South Sudan,SSD,2021,0.16017249
South Sudan,SSD,2022,0.14827313
South Sudan,SSD,2023,0.1451047
Spain,ESP,2010,6.032926
Spain,ESP,2011,6.02738
Spain,ESP,2012,5.9005117
Spain,ESP,2013,5.3800054
Spain,ESP,2014,5.4292984
Spain,ESP,2015,5.7889185
Spain,ESP,2016,5.554019
Spain,ESP,2017,5.83512
Spain,ESP,2018,5.701944
Spain,ESP,2019,5.284558
Spain,ESP,2020,4.441423
Spain,ESP,2021,4.793181
Spain,ESP,2022,4.8971643
Spain,ESP,2023,4.4970493
Sri Lanka,LKA,2010,0.6081095
Sri Lanka,LKA,2011,0.68904465
Sri Lanka,LKA,2012,0.72696227
Sri Lanka,LKA,2013,0.6621668
Sri Lanka,LKA,2014,0.79248416
Sri Lanka,LKA,2015,0.8826046
Sri Lanka,LKA,2016,1.0195531
Sri Lanka,LKA,2017,1.0036424
Sri Lanka,LKA,2018,0.90489626
Sri Lanka,LKA,2019,0.9417696
Sri Lanka,LKA,2020,0.9047328
Sri Lanka,LKA,2021,0.9173014
Sri Lanka,LKA,2022,0.80477285
Sri Lanka,LKA,2023,0.8343349
Sudan,SDN,2010,0.42553443
Sudan,SDN,2011,0.4070595
Sudan,SDN,2012,0.42691404
Sudan,SDN,2013,0.45980862
Sudan,SDN,2014,0.33729354
Sudan,SDN,2015,0.3559451
Sudan,SDN,2016,0.47836417
Sudan,SDN,2017,0.4753949
Sudan,SDN,2018,0.46384075
Sudan,SDN,2019,0.48315886
Sudan,SDN,2020,0.42317292
Sudan,SDN,2021,0.39961275
Sudan,SDN,2022,0.35494992
Sudan,SDN,2023,0.35400742
Suriname,SUR,2010,4.319442
Suriname,SUR,2011,4.9578395
Suriname,SUR,2012,4.432314
Suriname,SUR,2013,5.538299
Suriname,SUR,2014,5.5631514
Suriname,SUR,2015,4.665511
Suriname,SUR,2016,4.9569607
Suriname,SUR,2017,4.093148
Suriname,SUR,2018,3.4912922
Suriname,SUR,2019,4.3453355
Suriname,SUR,2020,4.7717237
Suriname,SUR,2021,4.28382
Suriname,SUR,2022,4.537399
Suriname,SUR,2023,4.561335
Sweden,SWE,2010,5.654432
Sweden,SWE,2011,5.1976295
Sweden,SWE,2012,4.8959537
Sweden,SWE,2013,4.698226
Sweden,SWE,2014,4.4742975
Sweden,SWE,2015,4.419636
Sweden,SWE,2016,4.3643203
Sweden,SWE,2017,4.211175
Sweden,SWE,2018,4.1134505
Sweden,SWE,2019,3.9665341
Sweden,SWE,2020,3.5371203
Sweden,SWE,2021,3.7027159
Sweden,SWE,2022,3.4653375
Sweden,SWE,2023,3.4789953
Switzerland,CHE,2010,5.754552
Switzerland,CHE,2011,5.1770616
Switzerland,CHE,2012,5.280982
Switzerland,CHE,2013,5.3370247
Switzerland,CHE,2014,4.791576
Switzerland,CHE,2015,4.6784573
Switzerland,CHE,2016,4.6836095
Switzerland,CHE,2017,4.522791
Switzerland,CHE,2018,4.3381386
Switzerland,CHE,2019,4.2928753
Switzerland,CHE,2020,3.974646
Switzerland,CHE,2021,4.1233916
Switzerland,CHE,2022,3.7477124
Switzerland,CHE,2023,3.604899
Syria,SYR,2010,2.76026
Syria,SYR,2011,2.5823045
Syria,SYR,2012,2.035984
Syria,SYR,2013,1.5810518
Syria,SYR,2014,1.7199317
Syria,SYR,2015,1.6018543
Syria,SYR,2016,1.5193428
Syria,SYR,2017,1.7931892
Syria,SYR,2018,1.6228212
Syria,SYR,2019,1.6454934
Syria,SYR,2020,1.5365934
Syria,SYR,2021,1.5030166
Syria,SYR,2022,1.3989446
Syria,SYR,2023,1.3424094
Taiwan,TWN,2010,11.6567955
Taiwan,TWN,2011,11.892325
Taiwan,TWN,2012,11.70575
Taiwan,TWN,2013,11.725564
Taiwan,TWN,2014,11.799141
Taiwan,TWN,2015,11.741296
Taiwan,TWN,2016,11.879731
Taiwan,TWN,2017,12.090577
Taiwan,TWN,2018,12.010115
Taiwan,TWN,2019,11.603549
Taiwan,TWN,2020,11.514132
Taiwan,TWN,2021,12.047583
Taiwan,TWN,2022,11.698872
Taiwan,TWN,2023,11.45624
Tajikistan,TJK,2010,0.33125174
Tajikistan,TJK,2011,0.29936174
Tajikistan,TJK,2012,0.36616522
Tajikistan,TJK,2013,0.35394663
Tajikistan,TJK,2014,0.5466963
Tajikistan,TJK,2015,0.61391324
Tajikistan,TJK,2016,0.67856306
Tajikistan,TJK,2017,0.7571574
Tajikistan,TJK,2018,0.8682259
Tajikistan,TJK,2019,0.91439617
Tajikistan,TJK,2020,0.9665616
Tajikistan,TJK,2021,0.9415492
Tajikistan,TJK,2022,1.0332633
Tajikistan,TJK,2023,0.98791873
Tanzania,TZA,2010,0.16073172
Tanzania,TZA,2011,0.1833679
Tanzania,TZA,2012,0.21884245
Tanzania,TZA,2013,0.23044902
Tanzania,TZA,2014,0.2184132
Tanzania,TZA,2015,0.24572158
Tanzania,TZA,2016,0.25136462
Tanzania,TZA,2017,0.24281736
Tanzania,TZA,2018,0.24780245
Tanzania,TZA,2019,0.27361012
Tanzania,TZA,2020,0.261632
Tanzania,TZA,2021,0.28135568
Tanzania,TZA,2022,0.30446345
Tanzania,TZA,2023,0.30486846
Thailand,THA,2010,3.5144494
Thailand,THA,2011,3.548588
Thailand,THA,2012,3.778261
Thailand,THA,2013,3.776263
Thailand,THA,2014,3.880686
Thailand,THA,2015,3.9282057
Thailand,THA,2016,4.008554
Thailand,THA,2017,3.9818282
Thailand,THA,2018,4.039237
Thailand,THA,2019,3.9411147
Thailand,THA,2020,3.7956123
Thailand,THA,2021,3.7244072
Thailand,THA,2022,3.7997093
Thailand,THA,2023,3.6921155
Togo,TGO,2010,0.38554192
Togo,TGO,2011,0.3620224
Togo,TGO,2012,0.31202778
Togo,TGO,2013,0.2244507
Togo,TGO,2014,0.1994795
Togo,TGO,2015,0.23467498
Togo,TGO,2016,0.2917477
Togo,TGO,2017,0.23730287
Togo,TGO,2018,0.24626246
Togo,TGO,2019,0.27929592
Togo,TGO,2020,0.31734377
Togo,TGO,2021,0.2951192
Togo,TGO,2022,0.30129206
Togo,TGO,2023,0.28707156
Tonga,TON,2010,1.0915421
Tonga,TON,2011,0.9876562
Tonga,TON,2012,0.98864865
Tonga,TON,2013,1.0263976
Tonga,TON,2014,0.9965206
Tonga,TON,2015,1.0013759
Tonga,TON,2016,1.3192844
Tonga,TON,2017,1.3560969
Tonga,TON,2018,1.2492092
Tonga,TON,2019,1.5253955
Tonga,TON,2020,1.3169758
Tonga,TON,2021,1.3196845
Tonga,TON,2022,1.3951054
Tonga,TON,2023,1.3943583
Trinidad and Tobago,TTO,2010,33.961063
Trinidad and Tobago,TTO,2011,33.72311
Trinidad and Tobago,TTO,2012,32.881195
Trinidad and Tobago,TTO,2013,32.420662
Trinidad and Tobago,TTO,2014,32.977737
Trinidad and Tobago,TTO,2015,31.859777
Trinidad and Tobago,TTO,2016,27.742865
Trinidad and Tobago,TTO,2017,27.882011
Trinidad and Tobago,TTO,2018,27.410236
Trinidad and Tobago,TTO,2019,27.446016
Trinidad and Tobago,TTO,2020,23.661348
Trinidad and Tobago,TTO,2021,24.459532
Trinidad and Tobago,TTO,2022,25.063381
Trinidad and Tobago,TTO,2023,23.644289
Tunisia,TUN,2010,2.5914676
Tunisia,TUN,2011,2.427807
Tunisia,TUN,2012,2.5608695
Tunisia,TUN,2013,2.5825608
Tunisia,TUN,2014,2.6497953
Tunisia,TUN,2015,2.7521307
Tunisia,TUN,2016,2.6864736
Tunisia,TUN,2017,2.718931
Tunisia,TUN,2018,2.6451635
Tunisia,TUN,2019,2.5750186
Tunisia,TUN,2020,2.408942
Tunisia,TUN,2021,2.6166234
Tunisia,TUN,2022,2.5401497
Tunisia,TUN,2023,2.6013684
Turkey,TUR,2010,4.345254
Turkey,TUR,2011,4.6380634
Turkey,TUR,2012,4.769388
Turkey,TUR,2013,4.5892625
Turkey,TUR,2014,4.7064295
Turkey,TUR,2015,4.8454375
Turkey,TUR,2016,4.9668326
Turkey,TUR,2017,5.182988
Turkey,TUR,2018,5.020594
Turkey,TUR,2019,4.7631073
Turkey,TUR,2020,4.8358684
Turkey,TUR,2021,5.2762375
Turkey,TUR,2022,5.095457
Turkey,TUR,2023,5.5797157
Turkmenistan,TKM,2010,10.636284
Turkmenistan,TKM,2011,11.464075
Turkmenistan,TKM,2012,11.52416
Turkmenistan,TKM,2013,10.832779
Turkmenistan,TKM,2014,10.336854
Turkmenistan,TKM,2015,10.150254
Turkmenistan,TKM,2016,9.762661
Turkmenistan,TKM,2017,9.675111
Turkmenistan,TKM,2018,9.210645
Turkmenistan,TKM,2019,9.149726
Turkmenistan,TKM,2020,9.051186
Turkmenistan,TKM,2021,12.929089
Turkmenistan,TKM,2022,14.11619
Turkmenistan,TKM,2023,12.956967
Turks and Caicos Islands,TCA,2010,9.479152
Turks and Caicos Islands,TCA,2011,9.139229
Turks and Caicos Islands,TCA,2012,8.774819
Turks and Caicos Islands,TCA,2013,8.486771
Turks and Caicos Islands,TCA,2014,8.774297
Turks and Caicos Islands,TCA,2015,8.601878
Turks and Caicos Islands,TCA,2016,8.50493
Turks and Caicos Islands,TCA,2017,8.808795
Turks and Caicos Islands,TCA,2018,8.635691
Turks and Caicos Islands,TCA,2019,8.3984165
Turks and Caicos Islands,TCA,2020,8.086297
Turks and Caicos Islands,TCA,2021,8.095091
Turks and Caicos Islands,TCA,2022,7.9697833
Turks and Caicos Islands,TCA,2023,7.8931007
Tuvalu,TUV,2010,1.0335684
Tuvalu,TUV,2011,1.017401
Tuvalu,TUV,2012,1.0029197
Tuvalu,TUV,2013,0.6644904
Tuvalu,TUV,2014,0.66575813
Tuvalu,TUV,2015,0.6670915
Tuvalu,TUV,2016,0.66916263
Tuvalu,TUV,2017,0.67278737
Tuvalu,TUV,2018,1.0201392
Tuvalu,TUV,2019,1.0366877
Tuvalu,TUV,2020,1.0545908
Tuvalu,TUV,2021,1.07617
Tuvalu,TUV,2022,1.0978825
Tuvalu,TUV,2023,1.1121277
Uganda,UGA,2010,0.11020471
Uganda,UGA,2011,0.114758976
Uganda,UGA,2012,0.105627775
Uganda,UGA,2013,0.10624911
Uganda,UGA,2014,0.11236722
Uganda,UGA,2015,0.12066013
Uganda,UGA,2016,0.124162994
Uganda,UGA,2017,0.13455833
Uganda,UGA,2018,0.1334906
Uganda,UGA,2019,0.13398339
Uganda,UGA,2020,0.12532032
Uganda,UGA,2021,0.13574822
Uganda,UGA,2022,0.12952651
Uganda,UGA,2023,0.12816063
Ukraine,UKR,2010,6.3364434
Ukraine,UKR,2011,6.659268
Ukraine,UKR,2012,6.5879583
Ukraine,UKR,2013,6.4504905
Ukraine,UKR,2014,5.605606
Ukraine,UKR,2015,4.889162
Ukraine,UKR,2016,5.1320014
Ukraine,UKR,2017,4.914332
Ukraine,UKR,2018,5.1295204
Ukraine,UKR,2019,4.942182
Ukraine,UKR,2020,4.635197
Ukraine,UKR,2021,4.7549105
Ukraine,UKR,2022,3.4846325
Ukraine,UKR,2023,3.6924176
United Arab Emirates,ARE,2010,26.785591
United Arab Emirates,ARE,2011,27.574131
United Arab Emirates,ARE,2012,27.787138
United Arab Emirates,ARE,2013,27.348331
United Arab Emirates,ARE,2014,26.045097
United Arab Emirates,ARE,2015,25.942865
United Arab Emirates,ARE,2016,25.235403
United Arab Emirates,ARE,2017,21.278515
United Arab Emirates,ARE,2018,21.8367
United Arab Emirates,ARE,2019,21.75957
United Arab Emirates,ARE,2020,22.783035
United Arab Emirates,ARE,2021,21.67451
United Arab Emirates,ARE,2022,20.220825
United Arab Emirates,ARE,2023,19.772913
United Kingdom,GBR,2010,8.124634
United Kingdom,GBR,2011,7.3959785
United Kingdom,GBR,2012,7.62153
United Kingdom,GBR,2013,7.4175463
United Kingdom,GBR,2014,6.764833
United Kingdom,GBR,2015,6.461413
United Kingdom,GBR,2016,6.061766
United Kingdom,GBR,2017,5.8378453
United Kingdom,GBR,2018,5.6886244
United Kingdom,GBR,2019,5.4350777
United Kingdom,GBR,2020,4.84416
United Kingdom,GBR,2021,5.059431
United Kingdom,GBR,2022,4.563232
United Kingdom,GBR,2023,4.481841
United States,USA,2010,18.22542
United States,USA,2011,17.634142
United States,USA,2012,16.812391
United States,USA,2013,17.09857
United States,USA,2014,17.118917
United States,USA,2015,16.461393
United States,USA,2016,15.934658
United States,USA,2017,15.639208
United States,USA,2018,16.000992
United States,USA,2019,15.500492
United States,USA,2020,13.8168955
United States,USA,2021,14.758024
United States,USA,2022,14.802047
United States,USA,2023,14.31945
Upper-middle-income countries,,2010,5.1512847
Upper-middle-income countries,,2011,5.519639
Upper-middle-income countries,,2012,5.630595
Upper-middle-income countries,,2013,5.6714873
Upper-middle-income countries,,2014,5.67228
Upper-middle-income countries,,2015,5.5711126
Upper-middle-income countries,,2016,5.485815
Upper-middle-income countries,,2017,5.5699973
Upper-middle-income countries,,2018,5.672543
Upper-middle-income countries,,2019,5.813963
Upper-middle-income countries,,2020,5.7354426
Upper-middle-income countries,,2021,5.953249
Upper-middle-income countries,,2022,6.1311784
Upper-middle-income countries,,2023,6.321018
Uruguay,URY,2010,1.9049841
Uruguay,URY,2011,2.3104563
Uruguay,URY,2012,2.579765
Uruguay,URY,2013,2.2392287
Uruguay,URY,2014,1.9913993
Uruguay,URY,2015,2.00062
Uruguay,URY,2016,1.9295201
Uruguay,URY,2017,1.8152955
Uruguay,URY,2018,1.9355792
Uruguay,URY,2019,1.886396
Uruguay,URY,2020,1.9055269
Uruguay,URY,2021,2.3049502
Uruguay,URY,2022,2.212046
Uruguay,URY,2023,2.2511077
Uzbekistan,UZB,2010,3.7930706
Uzbekistan,UZB,2011,4.050717
Uzbekistan,UZB,2012,4.061949
Uzbekistan,UZB,2013,3.7812703
Uzbekistan,UZB,2014,3.5567496
Uzbekistan,UZB,2015,3.3618135
Uzbekistan,UZB,2016,3.5109115
Uzbekistan,UZB,2017,3.4219267
Uzbekistan,UZB,2018,3.160928
Uzbekistan,UZB,2019,3.2746303
Uzbekistan,UZB,2020,3.2197232
Uzbekistan,UZB,2021,3.5966222
Uzbekistan,UZB,2022,3.4089596
Uzbekistan,UZB,2023,3.446397
Vanuatu,VUT,2010,0.5228662
Vanuatu,VUT,2011,0.54173803
Vanuatu,VUT,2012,0.47107604
Vanuatu,VUT,2013,0.43191418
Vanuatu,VUT,2014,0.6053941
Vanuatu,VUT,2015,0.4956654
Vanuatu,VUT,2016,0.5520972
Vanuatu,VUT,2017,0.49990305
Vanuatu,VUT,2018,0.6165042
Vanuatu,VUT,2019,0.5646672
Vanuatu,VUT,2020,0.6865395
Vanuatu,VUT,2021,0.70673007
Vanuatu,VUT,2022,0.6048438
Vanuatu,VUT,2023,0.5881556
Venezuela,VEN,2010,6.579704
Venezuela,VEN,2011,5.7807517
Venezuela,VEN,2012,5.9499927
Venezuela,VEN,2013,6.63449
Venezuela,VEN,2014,5.8171196
Venezuela,VEN,2015,5.4401956
Venezuela,VEN,2016,4.9644036
Venezuela,VEN,2017,4.5506883
Venezuela,VEN,2018,3.7319212
Venezuela,VEN,2019,3.6433108
Venezuela,VEN,2020,2.8442175
Venezuela,VEN,2021,3.3608282
Venezuela,VEN,2022,3.8430314
Venezuela,VEN,2023,4.2255874
Vietnam,VNM,2010,1.5958333
Vietnam,VNM,2011,1.7245036
Vietnam,VNM,2012,1.6119647
Vietnam,VNM,2013,1.6722333
Vietnam,VNM,2014,1.963878
Vietnam,VNM,2015,2.2988992
Vietnam,VNM,2016,2.3513482
Vietnam,VNM,2017,2.392326
Vietnam,VNM,2018,2.654567
Vietnam,VNM,2019,3.4918098
Vietnam,VNM,2020,3.697001
Vietnam,VNM,2021,3.175785
Vietnam,VNM,2022,3.2368684
Vietnam,VNM,2023,3.4617958
Wallis and Futuna,WLF,2010,1.9446509
Wallis and Futuna,WLF,2011,1.9817648
Wallis and Futuna,WLF,2012,2.0180974
Wallis and Futuna,WLF,2013,2.05184
Wallis and Futuna,WLF,2014,2.0804672
Wallis and Futuna,WLF,2015,2.104883
Wallis and Futuna,WLF,2016,2.127229
Wallis and Futuna,WLF,2017,2.1471746
Wallis and Futuna,WLF,2018,2.1685972
Wallis and Futuna,WLF,2019,2.1900778
Wallis and Futuna,WLF,2020,2.518213
Wallis and Futuna,WLF,2021,2.5290768
Wallis and Futuna,WLF,2022,2.5486479
Wallis and Futuna,WLF,2023,2.5604703
World,OWID_WRL,2010,4.744936
World,OWID_WRL,2011,4.848876
World,OWID_WRL,2012,4.854014
World,OWID_WRL,2013,4.837743
World,OWID_WRL,2014,4.8045974
World,OWID_WRL,2015,4.7391157
World,OWID_WRL,2016,4.6824865
World,OWID_WRL,2017,4.705259
World,OWID_WRL,2018,4.752195
World,OWID_WRL,2019,4.7478137
World,OWID_WRL,2020,4.4577436
World,OWID_WRL,2021,4.634748
World,OWID_WRL,2022,4.6784525
World,OWID_WRL,2023,4.707772
Yemen,YEM,2010,0.9649854
Yemen,YEM,2011,0.8202578
Yemen,YEM,2012,0.7198333
Yemen,YEM,2013,0.93068147
Yemen,YEM,2014,0.87977016
Yemen,YEM,2015,0.45324463
Yemen,YEM,2016,0.31279996
Yemen,YEM,2017,0.27844176
Yemen,YEM,2018,0.33750373
Yemen,YEM,2019,0.33572507
Yemen,YEM,2020,0.2976907
Yemen,YEM,2021,0.285619
Yemen,YEM,2022,0.27218696
Yemen,YEM,2023,0.2574502
Zambia,ZMB,2010,0.22346665
Zambia,ZMB,2011,0.23404986
Zambia,ZMB,2012,0.28006828
Zambia,ZMB,2013,0.28745684
Zambia,ZMB,2014,0.3323784
Zambia,ZMB,2015,0.33675572
Zambia,ZMB,2016,0.35341817
Zambia,ZMB,2017,0.42765597
Zambia,ZMB,2018,0.48169613
Zambia,ZMB,2019,0.47782284
Zambia,ZMB,2020,0.52418166
Zambia,ZMB,2021,0.47694507
Zambia,ZMB,2022,0.5427949
Zambia,ZMB,2023,0.5708717
Zimbabwe,ZWE,2010,0.65540963
Zimbabwe,ZWE,2011,0.76225656
Zimbabwe,ZWE,2012,0.8147
Zimbabwe,ZWE,2013,0.83284795
Zimbabwe,ZWE,2014,0.84084177
Zimbabwe,ZWE,2015,0.83455706
Zimbabwe,ZWE,2016,0.7252073
Zimbabwe,ZWE,2017,0.6636679
Zimbabwe,ZWE,2018,0.7455699
Zimbabwe,ZWE,2019,0.6722901
Zimbabwe,ZWE,2020,0.54684746
Zimbabwe,ZWE,2021,0.6471251
Zimbabwe,ZWE,2022,0.7612047
Zimbabwe,ZWE,2023,0.8226813
